words,frequency
10,527
2,166
3,135
don,123
story,121
better,110
5,102
review,98
1,97
now,94
best,93
well,91
go,90
know,90
buy,84
people,84
great,84
new,83
hours,80
gameplay,79
want,78
click,70
bad,69
way,67
say,66
use,66
world,65
back,65
got,63
worth,63
steam,63
4,62
need,62
little,61
around,60
made,60
lot,60
different,59
though,59
pretty,58
take,58
simulator,58
graphics,56
many,56
think,54
things,53
free,53
life,53
something,52
pc,52
bit,51
real,49
8,49
may,49
find,48
old,47
love,47
two,46
players,46
without,46
doesn,45
7,45
feel,45
dlc,44
recommend,44
level,44
player,43
character,43
see,43
money,43
give,43
enough,42
characters,42
start,41
every,41
far,41
kill,41
nothing,41
long,41
never,41
end,41
9,40
11,39
might,39
short,39
fps,38
look,38
rpg,38
help,38
right,38
overall,38
war,38
day,38
try,37
probably,37
weapons,36
friends,36
online,36
multiplayer,35
hard,35
enemies,35
original,35
system,35
makes,34
another,34
doom,34
6,33
run,33
stuff,33
point,33
yes,33
series,33
full,33
mitochondria,33
video,32
zombies,32
based,32
actually,32
ok,31
years,31
gt,31
team,31
press,31
dont,30
isn,30
action,30
levels,30
let,30
either,30
shoot,30
times,30
last,30
version,30
using,30
space,29
looking,29
everything,29
almost,29
enemy,29
lost,29
open,29
found,29
co,29
used,28
single,28
part,28
gun,28
beat,28
dark,28
restart,28
must,28
op,28
able,27
music,27
gets,27
man,27
set,27
won,27
read,27
everyone,26
less,26
100,26
work,26
going,26
map,26
whole,26
comes,26
side,26
rather,26
combat,26
expect,26
community,25
bought,25
similar,25
mode,25
nice,25
least,25
yet,25
cards,25
quite,25
minutes,25
guns,25
person,25
main,25
sound,25
anything,25
points,25
enjoy,24
black,24
win,24
city,24
top,24
experience,24
left,24
sure,24
fight,24
sometimes,24
kind,24
shooter,24
cs,23
call,23
basically,23
mod,23
add,23
mean,23
guy,23
hell,23
become,23
fan,23
came,23
put,23
big,23
hour,23
said,22
campaign,22
controls,22
strategy,22
takes,22
dead,22
style,22
amp,22
soldiers,22
entire,22
reviews,22
year,22
days,22
base,21
half,21
build,21
making,21
support,21
death,21
control,21
anyone,21
several,21
already,21
guess,20
instead,20
awesome,20
pay,20
spend,20
killed,20
trying,20
extra,20
hit,20
gta,20
interesting,20
power,20
maybe,20
choose,20
sale,20
total,20
keep,20
three,20
classic,19
especially,19
2015,19
tell,19
getting,19
price,19
high,19
school,19
turn,19
aliens,19
u,19
within,19
key,19
pick,19
TRUE,19
decent,19
alone,19
im,19
away,19
nbsp,19
cool,19
x,19
cell,19
didn,18
looks,18
idea,18
update,18
check,18
die,18
place,18
shooting,18
20,18
fact,18
save,18
easy,18
simple,18
oh,18
skills,18
next,18
waiting,18
evil,18
done,18
name,18
blood,18
always,18
super,18
mechanics,18
wait,18
remember,18
ball,18
youtube,18
took,18
order,18
clicker,18
card,17
alright,17
called,17
mods,17
ai,17
ii,17
score,17
room,17
complete,17
battle,17
guys,17
kinda,17
although,17
sequel,17
friend,17
skill,17
number,17
amount,17
problem,17
box,17
wars,17
dungeon,17
resident,17
units,17
windows,16
future,16
mostly,16
bugs,16
type,16
achievements,16
actual,16
killing,16
yeah,16
simply,16
atmosphere,16
commander,16
later,16
difficult,16
haven,16
running,16
became,16
star,16
thought,16
special,16
pack,16
spent,16
amazing,15
storyline,15
cod,15
p,15
enjoyed,15
ign,15
e,15
definitely,15
developed,15
buying,15
0,15
smile,15
change,15
difficulty,15
quick,15
taking,15
xcom,15
sense,15
title,15
mission,15
choices,15
liked,15
etc,15
server,15
goes,15
finally,15
please,15
pinball,15
art,14
meh,14
perfect,14
okay,14
wrong,14
shot,14
goal,14
face,14
boring,14
install,14
progress,14
feels,14
hand,14
screen,14
expansion,14
given,14
small,14
voice,14
seems,14
wasn,14
light,14
together,14
russian,14
added,14
fine,14
coming,14
watch,14
cry,14
fortress,14
heroes,14
third,14
come,14
thats,14
lego,14
souls,14
seen,14
ing,14
average,14
course,14
second,14
men,14
skyrim,14
mouse,13
words,13
others,13
unlock,13
adventure,13
features,13
minecraft,13
survive,13
guide,13
tried,13
pros,13
cons,13
challenging,13
available,13
fast,13
issues,13
controller,13
genre,13
soundtrack,13
boss,13
finished,13
wanted,13
ship,13
completely,13
50,13
felt,13
missions,13
ask,13
night,13
elements,13
button,13
puzzle,13
weapon,13
works,13
party,13
fear,13
honestly,13
dlcs,13
f,13
developers,13
payday,13
12,13
building,13
duty,12
tf2,12
monster,12
survival,12
seriously,12
care,12
someone,12
fire,12
favorite,12
0,12
isaac,12
15,12
earth,12
mad,12
horror,12
gives,12
anyway,12
perhaps,12
dogs,12
history,12
cheap,12
wouldn,12
assault,12
lara,12
us,12
fairly,12
couple,12
understand,12
highly,12
plays,12
flying,12
lets,12
heart,12
opinion,12
movie,12
reason,12
follow,12
worse,12
god,12
software,12
master,12
unique,12
somewhat,12
franchise,12
changed,12
show,12
age,12
parts,12
match,12
physics,12
supreme,12
xp,11
mother,11
gold,11
recommended,11
cant,11
live,11
feeling,11
mind,11
create,11
runs,11
head,11
beautiful,11
stand,11
chance,11
challenge,11
giant,11
25,11
king,11
fallout,11
batman,11
nazi,11
gonna,11
started,11
ago,11
arkham,11
seem,11
close,11
battles,11
dies,11
huge,11
plus,11
sandbox,11
limited,11
possible,11
needs,11
following,11
major,11
leave,11
titles,11
multiple,11
content,11
line,11
writing,11
magic,11
30,11
menu,11
quests,11
aren,11
explore,11
stay,11
learn,11
cup,11
post,11
design,11
19,11
cells,11
modern,10
warfare,10
machine,10
inside,10
job,10
ninja,10
group,10
rage,10
requires,10
bring,10
g,10
collect,10
train,10
choice,10
achievement,10
options,10
binding,10
absolutely,10
positive,10
slow,10
went,10
zombie,10
defense,10
effect,10
released,10
general,10
behind,10
hold,10
xbox,10
rts,10
alot,10
means,10
rate,10
easier,10
gain,10
lots,10
movies,10
arcade,10
personally,10
thanks,10
interested,10
2013,10
middle,10
walking,10
rome,10
ones,10
write,10
quake,10
saw,10
sort,10
battlefield,10
development,10
engine,10
99,10
release,10
random,10
hate,10
microtransactions,10
plenty,10
cash,10
buildings,10
replay,10
turned,10
squad,10
boy,10
puzzles,10
portal,10
longer,10
lose,10
today,10
200,10
theme,10
cars,10
ink,10
whether,9
servers,9
past,9
hands,9
listen,9
obvious,9
items,9
needed,9
fantastic,9
structure,9
various,9
types,9
access,9
safe,9
car,9
losing,9
meets,9
wish,9
board,9
problems,9
working,9
early,9
hope,9
strange,9
installed,9
normal,9
theres,9
unless,9
anymore,9
research,9
armor,9
repeat,9
attack,9
non,9
despite,9
term,9
class,9
current,9
exactly,9
recent,9
excellent,9
maps,9
reading,9
population,9
island,9
dragon,9
kings,9
issue,9
along,9
max,9
lt,9
tower,9
indie,9
rating,9
enjoyable,9
patch,9
plot,9
variety,9
melee,9
journey,9
console,9
3d,9
home,9
talk,9
says,9
fall,9
certainly,9
quest,9
africa,9
welcome,9
including,9
packs,9
sad,9
quickly,9
computer,9
nuclear,9
kids,9
friendly,9
child,9
monsters,9
ending,9
killer,9
value,9
tables,9
reality,9
pass,9
hidden,9
energy,9
mitochondrial,9
bless,9
matches,9
500,8
require,8
wink,8
state,8
edit,8
kid,8
advanced,8
ops,8
example,8
sniper,8
copy,8
trees,8
moves,8
arma,8
bullet,8
boom,8
fighting,8
pvp,8
finish,8
eventually,8
path,8
picking,8
straight,8
adds,8
europe,8
local,8
keys,8
uninstall,8
race,8
compared,8
named,8
throw,8
2014,8
known,8
capture,8
alive,8
jump,8
proper,8
fix,8
sounds,8
present,8
literally,8
cover,8
soldier,8
apart,8
memorable,8
setting,8
settings,8
near,8
3rd,8
focus,8
likely,8
areas,8
soon,8
smooth,8
lord,8
vikings,8
army,8
lead,8
beyond,8
final,8
girl,8
five,8
happy,8
o,8
updated,8
fixed,8
often,8
book,8
wise,8
watching,8
form,8
funny,8
valve,8
couldn,8
load,8
60,8
goat,8
lol,8
download,8
trial,8
unit,8
balls,8
tank,8
everybody,8
unfortunately,8
drive,8
coins,8
saying,8
certain,8
tanks,8
red,8
negative,8
fans,8
clicking,8
objects,8
visual,8
trading,8
rice,8
murder,8
anime,8
store,8
view,8
legionwood,8
vn,8
step,8
alice,8
keyboard,7
weak,7
waste,7
improvement,7
particular,7
large,7
secret,7
deal,7
realistic,7
upgrade,7
wtf,7
meat,7
truly,7
cute,7
except,7
club,7
iv,7
ton,7
happened,7
loved,7
dated,7
mass,7
crew,7
giving,7
answer,7
c,7
casual,7
model,7
countries,7
size,7
human,7
believe,7
tech,7
decisions,7
week,7
powerful,7
troops,7
faster,7
currently,7
stories,7
grow,7
diablo,7
h,7
recommendation,7
slightly,7
round,7
due,7
shotgun,7
ammo,7
boxes,7
becomes,7
upon,7
popular,7
tree,7
events,7
smaller,7
mountain,7
died,7
walk,7
crusader,7
fish,7
western,7
french,7
armies,7
dollar,7
drop,7
2d,7
damn,7
hey,7
depth,7
list,7
specific,7
solid,7
slowly,7
linear,7
heard,7
generic,7
originally,7
stupid,7
pants,7
miami,7
scary,7
talking,7
successful,7
advantage,7
range,7
z,7
doubt,7
ubisoft,7
stop,7
crazy,7
cause,7
page,7
requiem,7
plague,7
detail,7
practice,7
date,7
core,7
cat,7
join,7
mixed,7
marvel,7
offers,7
imagine,7
80s,7
question,7
operations,7
reminds,7
gear,7
starting,7
thinking,7
isnt,7
minus,7
hats,7
edition,7
japanese,7
interactive,7
republic,7
important,7
improve,7
dna,7
respiration,7
sakura,7
rains,7
cake,7
internet,6
skip,6
easily,6
generally,6
usually,6
hardcore,6
completed,6
structures,6
unlocked,6
pew,6
note,6
greatest,6
favourite,6
mix,6
deck,6
forward,6
hang,6
case,6
flaws,6
miss,6
devs,6
published,6
nature,6
break,6
nearly,6
starts,6
mention,6
episodes,6
crash,6
bar,6
hits,6
shape,6
wild,6
tactical,6
objective,6
gamer,6
alien,6
completion,6
objectives,6
text,6
rest,6
destroy,6
basic,6
stealth,6
humans,6
vs,6
stops,6
launch,6
nations,6
low,6
reward,6
figure,6
bother,6
40k,6
fail,6
heavy,6
sent,6
fits,6
epic,6
n,6
robot,6
unlike,6
row,6
deep,6
annoying,6
alan,6
wake,6
empty,6
shows,6
uses,6
section,6
satisfying,6
flash,6
evidence,6
children,6
caught,6
manage,6
lords,6
warrior,6
kingdom,6
cities,6
coop,6
campaigns,6
till,6
seeing,6
borderlands,6
customization,6
lazy,6
tons,6
systems,6
background,6
gotten,6
role,6
powers,6
winter,6
provide,6
conclusion,6
reccomend,6
extremely,6
environment,6
crap,6
common,6
walls,6
quit,6
hotline,6
doors,6
meet,6
versions,6
40,6
told,6
halo,6
purchased,6
company,6
required,6
expensive,6
updates,6
safes,6
mask,6
75,6
arrow,6
search,6
continue,6
english,6
bosses,6
confusing,6
80,6
heads,6
didnt,6
white,6
sugar,6
teaspoon,6
flour,6
baking,6
century,6
technical,6
graphical,6
dropped,6
interact,6
ground,6
town,6
gen,6
mobile,6
blade,6
mine,6
fair,6
green,6
entry,6
crashes,6
reach,6
developer,6
four,6
novel,6
send,6
japan,6
factions,6
gave,6
stick,6
hero,6
cents,6
rain,6
ended,6
political,6
move,6
improved,6
abilities,6
built,6
wrote,6
grab,6
decided,6
loot,6
america,6
son,6
peasants,6
market,6
rebuild,6
batten,6
tales,6
eh,6
charm,6
civ,6
conquer,6
plan,6
iron,6
mitochondrion,6
cellular,6
previous,6
entirely,6
vr,6
option,6
center,6
predecessor,6
est,6
dive,6
counter,5
ez,5
custom,5
allowed,5
supply,5
hundred,5
grand,5
vanilla,5
empire,5
six,5
allows,5
seconds,5
drug,5
prepared,5
drill,5
13,5
tactics,5
optional,5
totally,5
luck,5
bots,5
repetitive,5
picture,5
zelda,5
rockstar,5
living,5
em,5
cross,5
wave,5
angry,5
trials,5
falling,5
minute,5
item,5
putting,5
self,5
designed,5
progression,5
russia,5
bombs,5
worms,5
remake,5
planet,5
panic,5
upgrades,5
adding,5
attention,5
eu,5
personal,5
country,5
australia,5
land,5
month,5
heal,5
increased,5
obviously,5
curve,5
picked,5
managed,5
gather,5
turns,5
hack,5
reboot,5
ww2,5
ghost,5
sleeping,5
essentially,5
details,5
auto,5
croft,5
tomb,5
bottom,5
climbing,5
highest,5
cut,5
sections,5
nicely,5
climb,5
stages,5
constant,5
expected,5
kicks,5
paradox,5
situation,5
hordes,5
divided,5
duke,5
realm,5
lack,5
ability,5
massive,5
medieval,5
command,5
creed,5
additional,5
moments,5
forgot,5
arena,5
f2p,5
healing,5
beta,5
workshop,5
recently,5
glitches,5
puts,5
cast,5
force,5
port,5
longest,5
asylum,5
customers,5
quality,5
universe,5
pirates,5
helpful,5
mana,5
trade,5
health,5
typical,5
placed,5
involved,5
chandelier,5
guards,5
crashed,5
wonderful,5
ps3,5
comic,5
terrible,5
considering,5
joke,5
bored,5
gud,5
wear,5
suit,5
mario,5
double,5
rooms,5
per,5
test,5
afk,5
inventory,5
scale,5
dota,5
overkill,5
nuff,5
skins,5
heist,5
risk,5
forget,5
discovered,5
potato,5
xd,5
beginning,5
increase,5
intense,5
house,5
starve,5
tutorial,5
14,5
food,5
animals,5
w,5
ingredients,5
butter,5
powder,5
purpose,5
steps,5
water,5
driving,5
narrative,5
pop,5
models,5
optimization,5
mechanic,5
drawn,5
letters,5
area,5
speed,5
pro,5
overture,5
concept,5
sorry,5
premise,5
csgo,5
hear,5
keeps,5
source,5
waves,5
cure,5
learning,5
training,5
impossible,5
among,5
builder,5
dev,5
16,5
thousands,5
include,5
spawn,5
weird,5
surprisingly,5
rocket,5
launcher,5
metal,5
gg,5
spoilers,5
stronghold,5
dream,5
standard,5
piece,5
mindless,5
completing,5
process,5
teams,5
wheel,5
purchase,5
planes,5
dreamfall,5
soundtracks,5
fx2,5
barely,5
spot,5
eye,5
glory,5
changes,5
faction,5
id,5
playable,5
experienced,5
vote,5
btw,5
creepy,5
cursor,5
season,5
minigame,5
loading,5
goods,5
program,5
lands,5
2016,5
park,5
ruin,5
contained,5
bunch,5
questions,5
stuck,5
girls,5
thus,5
terms,5
information,5
link,5
machines,5
mini,5
21,5
exploration,5
sell,5
empires,5
18,5
spells,5
naval,5
hoping,5
membrane,5
proteins,5
bacteria,5
relationship,5
1993,5
tut,5
mysteries,5
worlds,5
minimum,4
ram,4
computers,4
strike,4
nostalgia,4
global,4
mw3,4
hundreds,4
futuristic,4
drops,4
2011,4
paying,4
beast,4
requirements,4
family,4
fantasy,4
filled,4
attacks,4
fit,4
thinks,4
tries,4
cop,4
kills,4
grinding,4
ride,4
serious,4
grind,4
gtx,4
69,4
biggest,4
exile,4
seek,4
routes,4
shadow,4
addictive,4
stage,4
rogue,4
shooters,4
worm,4
whatever,4
nope,4
log,4
asked,4
sign,4
account,4
looked,4
cancer,4
floor,4
strategic,4
dash,4
modes,4
geforce,4
opposite,4
difference,4
throughout,4
audio,4
varied,4
allowing,4
addition,4
happen,4
defending,4
tend,4
sit,4
ya,4
delete,4
select,4
opportunity,4
egypt,4
scientists,4
arms,4
air,4
pull,4
hopes,4
receive,4
interface,4
warhammer,4
somehow,4
strong,4
towards,4
chain,4
ends,4
attached,4
skin,4
happens,4
slash,4
nazis,4
kong,4
saints,4
mainly,4
brings,4
american,4
presented,4
noticed,4
occasionally,4
scenario,4
fill,4
portion,4
raider,4
formed,4
opening,4
described,4
tight,4
ridiculous,4
event,4
expecting,4
isolated,4
forgotten,4
woman,4
triangle,4
bow,4
silent,4
assassin,4
arrows,4
wall,4
default,4
offensive,4
england,4
eyes,4
brought,4
vast,4
mystery,4
legends,4
thrones,4
prequel,4
platformer,4
hulk,4
kinds,4
magical,4
buggy,4
plz,4
moon,4
maker,4
lag,4
broken,4
customize,4
rifle,4
hi,4
dialogue,4
grasp,4
quiet,4
influence,4
preordered,4
witcher,4
summary,4
preferred,4
deathmatch,4
spirit,4
buttons,4
body,4
across,4
complaint,4
earn,4
aside,4
whoever,4
books,4
rare,4
crappy,4
direction,4
motion,4
depression,4
demon,4
worst,4
ps,4
kart,4
31,4
1st,4
mmo,4
imo,4
dungeons,4
capcom,4
partner,4
lines,4
edges,4
nintendo,4
teenagers,4
league,4
micro,4
crimefest,4
business,4
colors,4
sucks,4
john,4
perk,4
transport,4
primary,4
aa,4
wanna,4
rich,4
paid,4
artwork,4
mr,4
beaten,4
burned,4
gore,4
y,4
anyways,4
farm,4
material,4
craft,4
summer,4
eggs,4
cocoa,4
salt,4
oven,4
degrees,4
square,4
camera,4
ring,4
infinite,4
ultra,4
customer,4
young,4
skirmish,4
tasks,4
boredom,4
deliver,4
oil,4
dante,4
fresh,4
penumbra,4
pacing,4
cheesy,4
scan,4
familiar,4
checking,4
humor,4
crack,4
cats,4
metro,4
finding,4
dad,4
cleaning,4
badge,4
loss,4
defeat,4
gamemodes,4
site,4
excuse,4
vip,4
mom,4
tlwinkr,4
ninjas,4
resources,4
appear,4
parents,4
cutscenes,4
ahead,4
twin,4
impressive,4
moment,4
violence,4
interest,4
fi,4
tastes,4
zero,4
tune,4
groups,4
wonder,4
pain,4
bejeweled,4
answered,4
project,4
invest,4
blow,4
earlier,4
replace,4
table,4
suggest,4
textures,4
ramps,4
90,4
describe,4
places,4
frustrating,4
usual,4
cookies,4
chocolate,4
soda,4
legacy,4
clone,4
spelling,4
helped,4
tedious,4
speaking,4
2004,4
daily,4
began,4
de,4
result,4
forth,4
gang,4
poor,4
twist,4
management,4
sitting,4
humour,4
smash,4
bros,4
seemed,4
taken,4
fifa,4
mlg,4
football,4
hunt,4
materials,4
castle,4
fully,4
quicktime,4
survivors,4
clunky,4
switch,4
dreams,4
front,4
exit,4
catch,4
fell,4
tycoon,4
hackers,4
challenges,4
begin,4
quote,4
travellers,4
planning,4
complain,4
object,4
acting,4
credit,4
badfly,4
data,4
steal,4
vehicles,4
destroyed,4
22,4
tbh,4
childhood,4
spider,4
comparison,4
coo,4
tissue,4
emotional,4
session,4
cube,4
provided,4
en,4
complex,4
patches,4
ships,4
mentioned,4
locations,4
jumping,4
blocks,4
eukaryotic,4
specifically,4
introduction,4
ribosomes,4
endosymbiotic,4
hypothesis,4
constructed,4
drag,4
jurassic,4
telling,4
platforms,4
thank,4
cookie,4
commit,4
moving,4
via,4
movement,4
dying,4
trains,4
previously,4
forced,4
woso,4
la,4
lob,4
afford,4
sc2,4
necessarily,4
designs,4
downloading,4
ceri,4
yomi,4
successfully,4
wutt,4
oculus,4
rift,4
awkward,4
emmathecat,4
ultimately,4
drusilla,4
et,4
il,4
mortem,4
commando,4
ufo,4
famous,3
2012,3
connection,3
origins,3
ruined,3
mw,3
trainer,3
basicly,3
aimbot,3
carry,3
singleplayer,3
dedicated,3
bc,3
niche,3
aight,3
wood,3
64,3
ftw,3
billion,3
meant,3
saves,3
hears,3
hes,3
robbed,3
buys,3
shoots,3
constantly,3
bot,3
tough,3
mess,3
forever,3
baby,3
google,3
presents,3
permanent,3
superb,3
balance,3
trapped,3
poop,3
rebirth,3
p2w,3
cups,3
social,3
nobody,3
lmg,3
l4d2,3
l4d,3
lonely,3
hd,3
trucks,3
immediately,3
largely,3
visuals,3
brutal,3
encountered,3
kicking,3
soo,3
tools,3
mec,3
suits,3
ew,3
installing,3
brain,3
disc,3
mistake,3
dl,3
sh,3
invasion,3
protect,3
individual,3
success,3
everywhere,3
increasing,3
ignore,3
gap,3
rookie,3
wounded,3
track,3
record,3
limbs,3
cutting,3
eight,3
critical,3
flamethrower,3
earned,3
nick,3
claw,3
knife,3
german,3
hong,3
lo,3
pan,3
dude,3
nightmare,3
zone,3
flashlight,3
battery,3
magazine,3
degree,3
nowhere,3
suffers,3
greatly,3
becoming,3
shotguns,3
rifles,3
gimmick,3
none,3
appreciate,3
expectations,3
relation,3
environments,3
supernatural,3
forces,3
remain,3
reasonable,3
sentence,3
emphasis,3
solving,3
documents,3
flesh,3
sheer,3
women,3
stranded,3
relatively,3
storm,3
rope,3
wolf,3
surrounded,3
rescue,3
steroids,3
aim,3
armored,3
fascinating,3
count,3
eating,3
remains,3
muslim,3
persia,3
stable,3
status,3
christian,3
crown,3
facing,3
regard,3
split,3
nation,3
india,3
ruling,3
contain,3
measure,3
internal,3
24,3
harder,3
beating,3
idk,3
tor,3
trip,3
tonight,3
threw,3
lived,3
mac,3
dubstep,3
bomb,3
madness,3
thankfully,3
trend,3
mg,3
somewhere,3
honest,3
ways,3
tslrcm,3
compatible,3
badly,3
cannon,3
endings,3
wide,3
wielding,3
i5,3
effort,3
falls,3
decision,3
aspects,3
prepare,3
knight,3
considered,3
miles,3
pokemon,3
sky,3
vi,3
provides,3
aspect,3
kick,3
foot,3
chasing,3
startup,3
setup,3
360,3
memory,3
mysterious,3
tone,3
goofy,3
terribly,3
helps,3
dousn,3
pulls,3
safety,3
logic,3
higher,3
presentation,3
shouldn,3
bag,3
screw,3
800,3
git,3
dsfix,3
1984,3
village,3
breaking,3
duel,3
act,3
drown,3
sonic,3
stars,3
racing,3
tracks,3
bay,3
potential,3
code,3
develop,3
ragnarok,3
calling,3
soul,3
heres,3
decade,3
dc,3
ps4,3
dragons,3
return,3
wow,3
sun,3
chris,3
exciting,3
stance,3
ready,3
stat,3
results,3
similarities,3
pre,3
guides,3
extensive,3
crates,3
drills,3
flat,3
fed,3
boost,3
diffrent,3
protagonists,3
hoxton,3
leveling,3
perks,3
masks,3
connect,3
payed,3
bbq,3
flame,3
sokol,3
damage,3
ak,3
useful,3
poorly,3
owning,3
stats,3
tolerable,3
pumping,3
changing,3
thumbs,3
selling,3
cheat,3
translation,3
27,3
message,3
jacket,3
chicken,3
wearing,3
neon,3
pictures,3
yard,3
sold,3
rip,3
traps,3
islands,3
creatures,3
addicting,3
explosions,3
pot,3
breath,3
towers,3
scattered,3
performance,3
publisher,3
villagers,3
cliff,3
normally,3
directly,3
bull,3
implemented,3
heavily,3
cleared,3
field,3
terrain,3
creating,3
possibilities,3
helicopter,3
astounding,3
collection,3
scared,3
neat,3
terrifying,3
pun,3
explained,3
mental,3
ah,3
strengths,3
re4,3
weight,3
file,3
terrorists,3
vehicle,3
decide,3
supposed,3
nukem,3
minor,3
400,3
dr,3
mistakes,3
rise,3
ps2,3
handle,3
enjoying,3
ks,3
drinking,3
truck,3
catching,3
outer,3
warframe,3
apparently,3
300,3
premium,3
currency,3
fashion,3
prefer,3
lives,3
platinum,3
complicated,3
laptop,3
invested,3
usa,3
reduced,3
dear,3
approach,3
tape,3
rambo,3
starring,3
michael,3
lights,3
distant,3
rule,3
liners,3
void,3
drm,3
surgeon,3
consists,3
gravity,3
realism,3
grew,3
effects,3
taste,3
office,3
songs,3
besides,3
impressions,3
touch,3
liking,3
closest,3
legend,3
backtracking,3
leading,3
finishing,3
tier,3
simulation,3
golden,3
420,3
ts,3
disappointed,3
affair,3
sexual,3
ex,3
villain,3
shades,3
bounce,3
ui,3
mid,3
magicka,3
consoles,3
yarn,3
string,3
incorporated,3
gem,3
blast,3
traverse,3
lie,3
carrying,3
stale,3
tho,3
chapter,3
basics,3
benefit,3
chat,3
spray,3
garry,3
cheeki,3
sims,3
lit,3
sum,3
dice,3
tabletop,3
settlers,3
rough,3
experiences,3
timeline,3
possibly,3
listening,3
mafia,3
simcity,3
sadly,3
fox,3
hrs,3
versus,3
swear,3
ea,3
era,3
soccer,3
rockets,3
ive,3
military,3
necessary,3
directx,3
equipment,3
succeed,3
ck2,3
older,3
gay,3
2k,3
47,3
sux,3
explode,3
goats,3
crashing,3
overpriced,3
hire,3
v,3
asian,3
fly,3
factor,3
regret,3
yea,3
overview,3
2k16,3
promised,3
geometry,3
automatically,3
toy,3
factory,3
exploring,3
menus,3
facebook,3
czech,3
chopper,3
slide,3
dog,3
complaining,3
victory,3
adult,3
colombia,3
fought,3
scope,3
retro,3
bunny,3
2nd,3
benefits,3
sim,3
vns,3
robots,3
throne,3
hurry,3
enjoyment,3
differently,3
package,3
exist,3
guild,3
watched,3
confirmed,3
barbarians,3
improving,3
wings,3
complexity,3
victoria,3
slaves,3
library,3
copies,3
smart,3
stands,3
organisms,3
word,3
atp,3
vary,3
failure,3
17,3
nucleus,3
plants,3
related,3
otto,3
respiratory,3
albert,3
eukaryotes,3
host,3
notes,3
dinosaurs,3
lacking,3
1992,3
plant,3
elite,3
1990,3
sp,3
tdm,3
bethesda,3
dos,3
neither,3
comments,3
weren,3
feature,3
paint,3
category,3
navigate,3
unlocking,3
homing,3
manga,3
cloud,3
underground,3
styled,3
element,3
opponents,3
active,3
correct,3
providing,3
purposes,3
knocked,3
alliance,3
toned,3
supcom2,3
avoiding,3
executed,3
supcom,3
former,3
accurate,3
share,3
defend,3
droids,3
honda,3
driven,3
escape,3
clues,3
relevant,3
emily,3
ftp,3
numbers,3
images,3
economy,3
shmups,3
ps1,3
inspired,3
hill,3
pubs,3
hat,3
caligula,3
si,3
tes,3
spending,3
solitaire,3
leader,3
regarding,3
blaster,3
dives,3
pump,3
aircraft,3
populations,3
diarama,3
ghostbusters,3
processor,2
viewed,2
immersive,2
dozens,2
prestige,2
vac,2
banned,2
profile,2
swag,2
dolphin,2
33,2
dimensions,2
terraria,2
larger,2
gotta,2
supergiant,2
bastion,2
stunning,2
themed,2
potions,2
narrated,2
hardmode,2
logs,2
respawns,2
walks,2
decides,2
revive,2
finds,2
rob,2
destroys,2
monitors,2
brand,2
970,2
g1,2
refund,2
awsome,2
pve,2
morning,2
ticket,2
ten,2
addaptation,2
tickets,2
york,2
claim,2
colours,2
rules,2
boards,2
fixing,2
tricky,2
hunters,2
aware,2
1912,2
allow,2
naked,2
crying,2
evolved,2
replayability,2
randomly,2
generated,2
concepts,2
mixes,2
disgusting,2
grotesque,2
defining,2
perfectly,2
topic,2
theory,2
remaining,2
switched,2
distance,2
product,2
strip,2
unsuccessfully,2
posted,2
bich,2
touched,2
grabs,2
blows,2
dosh,2
shop,2
collecting,2
capable,2
ishimura,2
inspiration,2
films,2
tale,2
engineer,2
issac,2
affect,2
shoes,2
goty,2
guts,2
jets,2
attacked,2
attacking,2
wondered,2
target,2
winning,2
monitor,2
secs,2
activated,2
ed,2
associated,2
letting,2
unknown,2
layer,2
protecting,2
initiative,2
funds,2
threat,2
ensuring,2
skirmishes,2
managing,2
minds,2
refusing,2
leads,2
chose,2
offered,2
rewards,2
offering,2
donate,2
weaponry,2
sending,2
sacrificing,2
critically,2
valuable,2
proven,2
snipers,2
cybernetically,2
genetic,2
cybernetic,2
involve,2
bright,2
legs,2
replaced,2
badass,2
dreadnaught,2
robocop,2
unfortunate,2
squads,2
wiped,2
bitterness,2
tall,2
experiencing,2
origin,2
wants,2
cheaper,2
jesus,2
christ,2
tis,2
alternate,2
germans,2
branching,2
differences,2
yakuza,2
springs,2
twilight,2
alike,2
pistol,2
satisfied,2
npcs,2
clips,2
ma,2
entertainment,2
butt,2
matter,2
indeed,2
behold,2
combination,2
noticeable,2
visible,2
culture,2
guardian,2
bear,2
scenes,2
pieces,2
focused,2
apparent,2
tells,2
repeated,2
gruesome,2
genuinely,2
hint,2
odd,2
receives,2
severe,2
packed,2
101,2
rid,2
forest,2
relics,2
whats,2
juicy,2
shines,2
dodge,2
bang,2
ages,2
byzantium,2
faces,2
declining,2
east,2
spain,2
keepers,2
shattered,2
leaving,2
respectable,2
inevitably,2
william,2
france,2
possibility,2
holy,2
roman,2
holdings,2
lesser,2
grip,2
african,2
holds,2
claims,2
south,2
oppertunity,2
unite,2
religion,2
sejuk,2
sejuks,2
invading,2
held,2
west,2
briefly,2
cultures,2
religions,2
indian,2
kingdoms,2
mountains,2
ratings,2
addicted,2
suddenly,2
compelling,2
historical,2
continues,2
fronts,2
oppose,2
beloved,2
moba,2
cheese,2
noob,2
father,2
rising,2
infamous,2
lay,2
whiskey,2
stab,2
guard,2
punch,2
verry,2
cries,2
condition,2
bullets,2
lewd,2
knows,2
downloaded,2
cuz,2
electric,2
hammer,2
lee,2
umm,2
obsidian,2
con,2
sith,2
restored,2
tips,2
trilogy,2
widescreen,2
jedi,2
wiki,2
newer,2
recurring,2
female,2
lightsaber,2
nut,2
starwars,2
houston,2
eagle,2
landed,2
hair,2
proceed,2
depends,2
suck,2
filler,2
essential,2
saga,2
secondary,2
perspective,2
serves,2
primarily,2
bascially,2
punk,2
majority,2
judge,2
impression,2
messiah,2
focusing,2
spell,2
consider,2
turning,2
interactivity,2
rack,2
edge,2
swinging,2
meanwhile,2
stupidly,2
prone,2
birds,2
truth,2
studios,2
mediocre,2
facial,2
younger,2
paxton,2
fist,2
snap,2
soak,2
overly,2
bro,2
bucks,2
shoe,2
crippling,2
56,2
stealing,2
tribal,2
engaged,2
underwater,2
boat,2
wii,2
transformed,2
sega,2
mascots,2
users,2
belive,2
spiderman,2
hale,2
praise,2
gaben,2
kept,2
disabling,2
engines,2
asking,2
chao,2
garden,2
members,2
availible,2
personaly,2
unity,2
shogun,2
82,2
website,2
bible,2
sw,2
120,2
cartoon,2
narrator,2
sucked,2
solo,2
polish,2
downside,2
attend,2
barrels,2
herbs,2
medkits,2
lags,2
pregnant,2
freemium,2
fame,2
hardware,2
130,2
rng,2
boosts,2
chest,2
nonsense,2
paced,2
heists,2
competent,2
hints,2
atleast,2
gigabyte,2
bank,2
shame,2
lying,2
rigged,2
verdict,2
bitten,2
feed,2
increases,2
seven,2
clover,2
equip,2
youre,2
35,2
23,2
grenade,2
description,2
useless,2
compare,2
swords,2
shield,2
avoid,2
ale,2
45,2
throwing,2
yeap,2
garbage,2
redeemed,2
removed,2
supporting,2
lasers,2
murderous,2
bat,2
remove,2
imagination,2
ms,2
mobsters,2
recorder,2
belong,2
likes,2
knocking,2
horse,2
checkpoint,2
chop,2
burn,2
goodies,2
darker,2
glitch,2
fists,2
technology,2
hawaii,2
gamma,2
deadliest,2
legit,2
chivalry,2
classical,2
realize,2
starving,2
reign,2
giants,2
maze,2
recipe,2
brownies,2
extract,2
preheat,2
350,2
175,2
inch,2
bake,2
preheated,2
gd,2
orbit,2
plane,2
engineering,2
cans,2
song,2
cliffs,2
wrestling,2
sharks,2
jet,2
farcry,2
caveats,2
apply,2
bits,2
similarly,2
fx,2
files,2
resolution,2
sub,2
1080p,2
consistent,2
rig,2
ugly,2
aimed,2
yelled,2
client,2
sprinting,2
frustrated,2
stopped,2
plans,2
smacking,2
activate,2
outpost,2
nearest,2
unbelievable,2
slap,2
monotonous,2
tiger,2
combo,2
bears,2
simpler,2
touching,2
busy,2
mount,2
brick,2
re6,2
refer,2
sorta,2
descent,2
dang,2
logical,2
clarence,2
anybody,2
retail,2
silly,2
device,2
opposed,2
scores,2
siege,2
buffs,2
ranged,2
hurt,2
ridiculously,2
armour,2
bird,2
92,2
3ds,2
supplies,2
scanner,2
minimal,2
collectibles,2
uh,2
whatsoever,2
switching,2
goons,2
insurgency,2
infamy,2
aphex,2
appealing,2
ini,2
busethreadedai,2
postal,2
pee,2
bottles,2
vomit,2
flight,2
ill,2
gambling,2
vegas,2
fanny,2
paste,2
differs,2
rounds,2
bite,2
alert,2
octopus,2
ww,2
brother,2
shorter,2
absurd,2
knit,2
rank,2
wing,2
fighter,2
competition,2
symphony,2
alpha,2
regular,2
solely,2
ladder,2
masters,2
disclaimer,2
sweet,2
diverse,2
weeks,2
joined,2
dull,2
slots,2
apocalypse,2
acts,2
input,2
steaming,2
pile,2
euro,2
credits,2
email,2
pls,2
mmos,2
paragraph,2
extreme,2
adaptation,2
pride,2
prejudice,2
nominated,2
award,2
massively,2
competitive,2
clans,2
prime,2
offline,2
seal,2
wondering,2
eastern,2
stanley,2
slower,2
adore,2
rotating,2
rarely,2
mild,2
gender,2
doesnt,2
linux,2
ios,2
spoof,2
spoofs,2
vhs,2
perfection,2
claude,2
subject,2
drew,2
worn,2
originality,2
fond,2
sci,2
prisoners,2
ambulance,2
clean,2
polished,2
produced,2
eleven,2
holding,2
pinnacle,2
optimized,2
messed,2
laugh,2
revolution,2
tina,2
childhoods,2
dollars,2
desert,2
magnum,2
opus,2
enter,2
led,2
offs,2
scrolling,2
travel,2
troopers,2
props,2
generals,2
hitman,2
tlj,2
dystopian,2
deus,2
gorgeous,2
hmm,2
oregon,2
trash,2
definition,2
bonus,2
virtual,2
purchases,2
sticking,2
lighting,2
bells,2
whistles,2
flipper,2
gaining,2
scoring,2
hide,2
mins,2
wizard,2
brown,2
chips,2
egg,2
mixture,2
mixing,2
sheet,2
dank,2
met,2
torchlight,2
d3,2
jorji,2
4th,2
freaking,2
border,2
cycle,2
secure,2
sets,2
chase,2
crafting,2
crude,2
controlled,2
knives,2
lucky,2
clearly,2
collisions,2
worthy,2
reccomended,2
service,2
css,2
hunting,2
gameme,2
thirty,2
color,2
sliding,2
choosing,2
shy,2
timeless,2
gift,2
gmod,2
breeki,2
offer,2
provoking,2
mordor,2
sword,2
grain,2
mmorpg,2
superman,2
tapes,2
overs,2
assasin,2
pirate,2
newcomers,2
gw,2
cannons,2
doomsday,2
colonial,2
reviewing,2
obsessed,2
sweep,2
anger,2
screenshots,2
darkstalkers,2
cyberpunk,2
tropic,2
drink,2
relentless,2
rhythm,2
roguelike,2
roads,2
tail,2
bread,2
dischan,2
reached,2
incomplete,2
hardly,2
bc2,2
destructable,2
gfx,2
conquest,2
bf,2
pointer,2
yoshi,2
gaem,2
crawler,2
begins,2
tears,2
nippon,2
visit,2
hitler,2
dis,2
sea,2
fake,2
screens,2
virtually,2
assemble,2
trained,2
worry,2
septerra,2
preferences,2
4x,2
diplomacy,2
warned,2
sink,2
undead,2
choo,2
somebody,2
boys,2
bundle,2
anywhere,2
loyal,2
wasnt,2
hammerlock,2
lady,2
heaven,2
rollers,2
platform,2
street,2
touhou,2
joy,2
thingy,2
failed,2
animal,2
reasons,2
rail,2
smoking,2
execution,2
draw,2
solve,2
wonderland,2
rollercoaster,2
loops,2
5min,2
jones,2
ats,2
ran,2
glad,2
longevity,2
shots,2
jack,2
gtav,2
79,2
nexon,2
passes,2
min,2
wasted,2
memories,2
hello,2
overworld,2
latest,2
mp,2
dangerous,2
ruled,2
hobbit,2
roam,2
charge,2
yearly,2
shown,2
cliffhanger,2
exact,2
policy,2
advertisements,2
breaches,2
occur,2
collects,2
parties,2
outside,2
accepting,2
stated,2
article,2
stalin,2
mutants,2
meaning,2
sees,2
2033,2
nostalgic,2
tunnels,2
folks,2
tie,2
balloons,2
sleep,2
phantom,2
armed,2
companion,2
humming,2
overwhelming,2
tear,2
london,2
el,2
matador,2
late,2
corbett,2
police,2
assigned,2
observation,2
exterminate,2
pawn,2
rat,2
pistols,2
smgs,2
values,2
expansive,2
follows,2
traditional,2
morality,2
hailed,2
warbutt,2
difficulties,2
combined,2
esc,2
euros,2
laser,2
len,2
duct,2
insane,2
disney,2
lan,2
growing,2
coin,2
referal,2
timer,2
dating,2
pudding,2
manages,2
te,2
randomization,2
wanting,2
studio,2
coupon,2
puzzler,2
explain,2
cage,2
matrix,2
militaries,2
par,2
according,2
door,2
cd,2
ptsd,2
trow,2
toilet,2
lovers,2
greater,2
endless,2
hosting,2
borring,2
29,2
eroge,2
restoration,2
restarts,2
telltale,2
tw,2
razenroth,2
weather,2
amiga,2
germany,2
fields,2
weaknesses,2
videos,2
suggested,2
7,2
b,2
hostile,2
fleets,2
yo,2
app,2
preparation,2
firefly,2
medium,2
pharmaceutical,2
pharma,2
researchers,2
existing,2
itch,2
breeze,2
periods,2
safely,2
lemonade,2
multi,2
fortune,2
orange,2
mages,2
organelle,2
eukaryote,2
powerhouse,2
adenosine,2
triphosphate,2
chemical,2
commonly,2
cardiac,2
widely,2
instance,2
whereas,2
liver,2
composed,2
compartments,2
functions,2
inner,2
depending,2
distinct,2
protein,2
identified,2
genome,2
bacterial,2
observations,2
coined,2
janus,2
pig,2
heinrich,2
warburg,2
mechanism,2
david,2
molecules,2
fractionation,2
analysis,2
responsible,2
oxidative,2
method,2
detailed,2
chamber,2
methods,2
mapping,2
genes,2
physical,2
autogenous,2
suggests,2
prokaryotes,2
contains,2
circular,2
chromosome,2
redox,2
location,2
rnas,2
closely,2
ancestor,2
university,2
indicates,2
coded,2
resemble,2
birthday,2
allies,2
devoid,2
assassins,2
incredible,2
fault,2
rex,2
wwii,2
marketplace,2
positions,2
ironically,2
hygene,2
laughing,2
roll,2
temporary,2
stole,2
ignorance,2
careful,2
betting,2
involving,2
eat,2
idle,2
outstanding,2
rocks,2
bug,2
blender,2
animating,2
received,2
advertcity,2
engage,2
font,2
berserk,2
navigating,2
reaching,2
controllers,2
ted,2
primal,2
60fps,2
l,2
ben,2
havn,2
watered,2
delivers,2
dm,2
frames,2
invincible,2
increasingly,2
chosen,2
tournament,2
lover,2
latter,2
qualities,2
acquired,2
returning,2
elder,2
scrolls,2
boobs,2
lobby,2
staged,2
language,2
0c,2
crabs,2
refreshing,2
coat,2
graphic,2
married,2
sect,2
porn,2
daughter,2
saved,2
bdsm,2
stations,2
reverse,2
fulfill,2
frame,2
driver,2
technique,2
connected,2
merits,2
surprises,2
instant,2
neko,2
titan,2
phagewars,2
fnaf,2
hanging,2
speech,2
fanbase,2
skeleton,2
boulder,2
loves,2
hoi,2
sans,2
thrust,2
floating,2
befriend,2
trolls,2
sensible,2
yay,2
gamepad,2
height,2
unbalanced,2
joining,2
bed,2
balancing,2
supposedly,2
maximum,2
1v1,2
2v2,2
exploits,2
battleship,2
ally,2
harambe,2
steamified,2
5th,2
rainy,2
suicide,2
scratch,2
wooden,2
sacrificed,2
usermade,2
confirm,2
successor,2
forged,2
enix,2
swarms,2
federation,2
facts,2
complaints,2
2010,2
requiring,2
assaults,2
detected,2
contrast,2
modding,2
accomplished,2
lowest,2
civil,2
products,2
whilst,2
minion,2
recruit,2
pandas,2
script,2
matters,2
terror,2
nes,2
clear,2
doubting,2
british,2
mood,2
dinner,2
26th,2
groovy,2
scene,2
spin,2
tool,2
positives,2
negatives,2
cpt,2
froggy,2
tuner,2
skyline,2
phoenix,2
wright,2
locked,2
wins,2
investigating,2
danganronpa,2
despair,2
culprit,2
peers,2
tropes,2
context,2
appears,2
determine,2
analog,2
slice,2
notch,2
significant,2
snowboarding,2
voices,2
kanahana,2
sprites,2
nonetheless,2
hexen,2
discount,2
failing,2
skillz,2
achivements,2
tt,2
impact,2
gangs,2
frosty,2
classes,2
hearthstone,2
deciding,2
yellow,2
stone,2
twd,2
robert,2
raise,2
taxes,2
citizens,2
militant,2
period,2
clock,2
noted,2
minimalist,2
shmup,2
targets,2
pressing,2
missiles,2
progressive,2
leaderboard,2
1995,2
achieved,2
passively,2
heroine,2
hatter,2
walkthrough,2
accurately,2
hl2,2
reminder,2
discuss,2
yamcha,2
cv1,2
lucca,2
fr,2
tout,2
lire,2
vous,2
bof,2
des,2
avadon,2
progressed,2
spiderweb,2
deserves,2
cosmetic,2
recover,2
vic,2
mcpherson,2
gus,2
chicago,2
masked,2
infantry,2
boats,2
highway,2
1060,2
artistic,2
digimon,2
louis,2
activitys,2
purple,2
grey,2
report,2
geonosis,2
irrelevant,2
sorroundings,2
battledroids,2
overwhelmed,2
pickup,2
portals,2
rext,2
titanic,2
needing,2
initial,2
cues,2
warn,2
ufopaedia,2
variables,2
bioshock,2
progressing,2
leaders,2
os,2
discussions,2
lion,2
nests,2
cap,2
mhz,1
96mb,1
16mb,1
blasphemy,1
fundamentals,1
toaster,1
123,1
asheron,1
domt,1
knqo,1
bo2,1
bo1,1
leandro,1
delevatti,1
enuff,1
weps,1
emblems,1
scopes,1
wallhack,1
ban,1
yells,1
quickscoping,1
killstreaks,1
dutys,1
jetpacks,1
exojumps,1
beeing,1
outclassed,1
zoomed,1
tfrdxcfgh,1
killingfloor,1
rexes,1
campain,1
hadn,1
warpath,1
darthmod,1
caters,1
streamlined,1
shelter,1
chopping,1
gathering,1
stacks,1
mourning,1
pff,1
mobs,1
remeber,1
wat,1
beautifully,1
enviroments,1
visits,1
logan,1
cunningham,1
particularly,1
darren,1
korb,1
cthulhu,1
gaidon,1
citylife,1
altis,1
license,1
sniped,1
30k,1
lockpicks,1
zipties,1
unknowingly,1
pays,1
10k,1
medic,1
cuffs,1
gunstore,1
explains,1
broke,1
injuring,1
blend,1
chameleon,1
ghosts,1
belea,1
averaged,1
capacity,1
rp,1
oppertunities,1
smell,1
napalm,1
unfamiliar,1
destination,1
los,1
angeles,1
claiming,1
accustomed,1
mona,1
lisa,1
bekame,1
stephen,1
discard,1
situations,1
xpadder,1
timesink,1
timeblackhole,1
cgr,1
undertow,1
headup,1
aesthetic,1
barriers,1
strives,1
afterbirth,1
sway,1
boi,1
ltl,1
fooled,1
toothpicks,1
2005,1
cj,1
muffled,1
rap,1
darts,1
bowling,1
teetees,1
contacted,1
bios,1
uninstalled,1
gfwl,1
beggining,1
stripper,1
thrown,1
throws,1
parachute,1
stickybombs,1
explosionz,1
hotmail,1
deleted,1
flatout,1
interfere,1
uploading,1
leaderboards,1
flair,1
aptly,1
pals,1
asus,1
nvidia,1
8800,1
204,1
clint,1
eastwood,1
disgruntled,1
alpaca,1
wasps,1
terrorizes,1
peckerheads,1
chickens,1
remarkably,1
collectable,1
runthrough,1
shepard,1
immersing,1
ridley,1
scott,1
weaves,1
clarke,1
mute,1
unlucky,1
impressed,1
creatively,1
abominations,1
necromorphs,1
unforgiving,1
killings,1
upgradable,1
tokens,1
nodes,1
atomic,1
natural,1
selection,1
subscribed,1
appea,1
wouter,1
yup,1
patients,1
orignal,1
invaded,1
interrogate,1
puny,1
shipp,1
logging,1
unkown,1
roids,1
bigger,1
probs,1
farts,1
wanders,1
forgets,1
executable,1
sits,1
fourms,1
folders,1
picky,1
splash,1
abridged,1
poignant,1
assure,1
layers,1
geopolitical,1
coverage,1
extraterrestrial,1
push,1
lowering,1
conglomerate,1
assisting,1
distress,1
pleas,1
mechanically,1
creates,1
costs,1
helping,1
monetary,1
funding,1
hole,1
extend,1
sergeant,1
promotion,1
desperately,1
numerous,1
sergeat,1
exponentially,1
genetically,1
augmenting,1
dabbled,1
modifications,1
commission,1
surgically,1
amputating,1
robo,1
tore,1
unupgraded,1
spring,1
losses,1
recruited,1
member,1
lone,1
survivor,1
bikani,1
gravely,1
mechanized,1
nine,1
feet,1
unquenchable,1
thirst,1
enhanced,1
penchant,1
blowing,1
barebones,1
facilitate,1
personalities,1
teeth,1
february,1
hype,1
100hoursave,1
sensing,1
addiction,1
900,1
battlestar,1
galactica,1
phalanx,1
stomper,1
speak,1
crime,1
impale,1
swordfish,1
reflexes,1
underatted,1
centered,1
gtas,1
penny,1
priveleges,1
9mm,1
knew,1
passable,1
clamoring,1
radio,1
filling,1
abundance,1
loop,1
restraining,1
trusty,1
revolver,1
submachine,1
carbines,1
batteries,1
firepower,1
thta,1
necessariyl,1
plentyof,1
alley,1
gunplay,1
jonesing,1
paraphrase,1
booty,1
platformers,1
lovely,1
crost,1
buns,1
keeping,1
ladders,1
chests,1
buttocks,1
skinny,1
defined,1
glute,1
muscles,1
bum,1
crofts,1
pervert,1
seeped,1
strikingly,1
cinematic,1
subtly,1
highlighted,1
unnatural,1
surviving,1
understated,1
suspend,1
disbelief,1
flashes,1
symbol,1
underneath,1
witness,1
deaths,1
autosave,1
frequent,1
tombs,1
collectables,1
archaeology,1
artefacts,1
sometime,1
annoy,1
firstly,1
abdominal,1
wound,1
cured,1
venison,1
perpetuate,1
surely,1
stream,1
irritations,1
rader,1
march,1
leap,1
faith,1
archery,1
separated,1
penetration,1
mathias,1
trap,1
wolves,1
luckily,1
mercenaries,1
sidetrack,1
acquire,1
gps,1
caches,1
happening,1
dodging,1
hiding,1
stun,1
swarned,1
3km,1
buck,1
factors,1
norfolk,1
emperor,1
depths,1
mongolia,1
yurits,1
northern,1
zoastrians,1
persian,1
imperial,1
traditions,1
infighting,1
crafty,1
quo,1
faced,1
vassal,1
dominated,1
rival,1
netherlands,1
envy,1
seeks,1
christians,1
stature,1
intelligent,1
brave,1
iberia,1
scandinavia,1
chafing,1
christianity,1
norway,1
distracted,1
affairs,1
norwegian,1
harold,1
sweden,1
norse,1
worshippers,1
viking,1
denmark,1
converted,1
fearing,1
danish,1
marriages,1
scandinavian,1
realms,1
tread,1
carefully,1
shia,1
fatimid,1
jerusalem,1
mecca,1
sectarian,1
islam,1
sunni,1
turks,1
fatimids,1
concern,1
reigns,1
rapidly,1
islamic,1
domains,1
varying,1
wealth,1
inward,1
conflict,1
caste,1
religious,1
rife,1
invade,1
afghanistan,1
untamed,1
plotting,1
scheming,1
worldview,1
lasting,1
dynasty,1
anyother,1
commanding,1
traits,1
feburary,1
europa,1
universalis,1
drugs,1
brasil,1
payne,1
combines,1
lizard,1
sings,1
leon,1
reptillain,1
athiests,1
46,1
kuntas,1
kiss,1
deer,1
lsd,1
offspring,1
cowboy,1
taco,1
ggpo,1
guerrilla,1
entitled,1
establishment,1
cigars,1
gtwinkiscover,1
rune,1
2h,1
zezima,1
seventh,1
window,1
pepole,1
multiplaying,1
evar,1
pleasured,1
romanced,1
kinzie,1
ove,1
ike,1
approximately,1
456,1
463,1
581,1
320,1
54,1
recomend,1
tissues,1
hah,1
reconsider,1
pacification,1
documentary,1
opinoin,1
combining,1
ut,1
dominate,1
alternative,1
turret,1
buddy,1
shirt,1
unplayable,1
matchmaking,1
beam,1
pulse,1
ammunition,1
clothes,1
popcorn,1
moo2,1
mo2,1
improvements,1
charles,1
charchters,1
brotherhood,1
ac2,1
ac3,1
unfinished,1
gamebreaking,1
compatibilty,1
kotor,1
bioware,1
skywalkers,1
solos,1
exiled,1
transpired,1
hasn,1
fyi,1
d20,1
converse,1
male,1
kb,1
aged,1
haswell,1
gtx780,1
flashy,1
althou,1
rpgs,1
harley,1
quinn,1
bethebatmobile,1
haiku,1
2008,1
colder,1
incorporates,1
upcoming,1
strongly,1
continuty,1
glide,1
bridges,1
airplane,1
ratatatatatata,1
baloon,1
riding,1
buccaneers,1
unplayed,1
dedicating,1
38,1
overshadowed,1
altogether,1
dabble,1
tress,1
lite,1
turnoff,1
smashing,1
encourages,1
convieniently,1
spike,1
railing,1
arguably,1
caused,1
upswing,1
smacked,1
ragdoll,1
wrecking,1
laps,1
quitting,1
reddit,1
devd,1
handled,1
porting,1
stayed,1
deemed,1
talked,1
spooky,1
borderline,1
hired,1
resume,1
undeserving,1
wears,1
dresses,1
manchild,1
fettel,1
beneficial,1
knowing,1
drowning,1
steve,1
niles,1
motions,1
emotionless,1
brainless,1
flanking,1
annoyance,1
cared,1
react,1
aswell,1
trendy,1
demanding,1
blurry,1
diarhea,1
shine,1
arn,1
profits,1
casualised,1
harry,1
potter,1
initiate,1
phase,1
simulating,1
hardships,1
depressed,1
ds2,1
sir,1
seppuku,1
guilty,1
cart,1
cb,1
penguin,1
hoped,1
floran,1
hiss,1
starbound,1
vacation,1
esque,1
monkey,1
refrigerators,1
tunnelling,1
houses,1
floors,1
fridges,1
crazed,1
moleman,1
bizarrely,1
kleptomania,1
grave,1
robbing,1
contents,1
graves,1
coffins,1
tombstones,1
instigated,1
longbow,1
flower,1
tesla,1
terrorism,1
eyed,1
amphibians,1
graduate,1
protectorate,1
entertainmen,1
compatibility,1
controlers,1
tierd,1
emulating,1
emulator,1
vareity,1
net,1
multiplayers,1
lucked,1
dowloaded,1
mans,1
shawn,1
engies,1
saxton,1
pyro,1
unconfirmed,1
gordon,1
freeman,1
ion,1
pilot,1
seat,1
gamecube,1
simulate,1
dreamcast,1
battelborn,1
tanki,1
hel,1
homework,1
stalk,1
reccomand,1
begginiers,1
experts,1
indied,1
sidescroller,1
makinga,1
evvel,1
paert,1
prons,1
worht,1
cost,1
ca,1
faults,1
woo,1
moneys,1
54,1
42,1
upate,1
malaysia,1
aug,1
sch,1
ep5,1
teak,1
trans,1
ep,1
rite,1
translate,1
latin,1
wold,1
galaxies,1
bummer,1
esp,1
awhile,1
ijumped,1
blind,1
brothers,1
grimm,1
lovecraft,1
ian,1
redfield,1
sheva,1
nevertheles,1
everytime,1
cartoonish,1
performances,1
leaks,1
ds,1
mothers,1
battlefied,1
election,1
mmofps,1
planetary,1
awe,1
itss,1
670,1
3570k,1
overclocked,1
4ghz,1
planetside,1
hall,1
effin,1
transaction,1
1ng,1
36,1
110,1
newly,1
staff,1
tripled,1
pd2,1
afloat,1
grabbing,1
deliberate,1
stealthing,1
followed,1
frenzy,1
emptying,1
blazing,1
steeings,1
microtransaction,1
hinking,1
opened,1
aquirable,1
boosting,1
unlockable,1
practices,1
alos,1
knmow,1
deserve,1
uhm,1
litsen,1
dallas,1
chainz,1
wick,1
caracter,1
serten,1
catagories,1
mastermind,1
technician,1
enforcer,1
fugitive,1
weopons,1
heisting,1
folkes,1
upgarde,1
overdlc,1
70hours,1
das,1
yeh,1
0p,1
naow,1
microtransation,1
sayed,1
january,1
gage,1
ruining,1
thrower,1
expands,1
explosive,1
throwables,1
adn,1
minigun,1
butcher,1
dmr,1
barrel,1
somthing,1
significiant,1
params,1
slug,1
modification,1
scatter,1
patterning,1
dragan,1
anothers,1
chivarly,1
robbery,1
unicorn,1
udnerstand,1
presitge,1
itd,1
lul,1
padaxa,1
cheaters,1
fellas,1
fu,1
hoxhud,1
absoulute,1
housewarming,1
consistently,1
cautiously,1
optimistic,1
cease,1
2017,1
heister,1
encourage,1
omen,1
rides,1
unicorm,1
pricy,1
smoothly,1
linden,1
lab,1
kidding,1
1980,1
redacted,1
bunches,1
apartment,1
blessings,1
briefcase,1
recoded,1
varies,1
briefcases,1
curbstomping,1
stabbed,1
bludgeoned,1
serve,1
droppable,1
downright,1
donnie,1
darko,1
bundles,1
flaw,1
chewed,1
gum,1
frog,1
octane,1
hosts,1
sociopathic,1
waring,1
sheeit,1
oldskool,1
excessive,1
fury,1
respawn,1
keck,1
telescope,1
intent,1
fission,1
fusion,1
radiates,1
radiation,1
sigma,1
dosimeter,1
separately,1
430,1
spiders,1
deerclops,1
ironic,1
harvest,1
error,1
shipwrecked,1
swim,1
nearby,1
mny,1
biomes,1
entities,1
funner,1
restaurant,1
triping,1
acid,1
unsweetened,1
grease,1
saucepan,1
melt,1
heat,1
stir,1
spread,1
batter,1
overcook,1
playin,1
rly,1
icculus,1
jebadiah,1
kerman,1
kerbal,1
smiling,1
spaceplane,1
hangar,1
spaceflight,1
aeronautics,1
science,1
skipper,1
mammoth,1
asparagus,1
staging,1
6x3,1
kickback,1
srbs,1
tweakscaled,1
5m,1
oomph,1
practical,1
knowledge,1
orbital,1
fumes,1
reggae,1
skrillex,1
farcry2,1
assasins,1
landing,1
pigs,1
stabbing,1
ski,1
waterfall,1
lemme,1
farcry3,1
reindeers,1
inspiring,1
exotic,1
pounding,1
bloody,1
dealing,1
unspecific,1
encouraged,1
obligated,1
builds,1
onscreen,1
vibrate,1
bare,1
disable,1
blur,1
muck,1
dirty,1
glasses,1
uplay,1
960,1
dread,1
workable,1
reared,1
stumbled,1
shootout,1
hungry,1
leapt,1
fray,1
prompt,1
decisively,1
confidently,1
walked,1
peeing,1
repeating,1
reaction,1
sight,1
agro,1
friendlies,1
inane,1
innumerable,1
escort,1
warts,1
strongholds,1
expertly,1
timed,1
headshots,1
jamming,1
hypodermic,1
needles,1
pit,1
swearing,1
amounts,1
structured,1
sensibly,1
complement,1
decidedly,1
incredibly,1
rewarding,1
tailored,1
fc3,1
cliched,1
trawl,1
reviewers,1
spoken,1
irks,1
originalty,1
favour,1
bu,1
jc2,1
hijacking,1
tourist,1
warriors,1
jason,1
brody,1
keystrokes,1
q,1
hinderance,1
repetitious,1
dmc,1
excited,1
excelent,1
onboard,1
chipset,1
warband,1
xbox360,1
sprayed,1
lepotitsa,1
meal,1
shower,1
punching,1
header,1
oftentimes,1
submit,1
backloggery,1
episodic,1
unchanged,1
territory,1
platforming,1
myst,1
donkey,1
parody,1
joking,1
chippy,1
tighter,1
likewise,1
toward,1
intended,1
wraps,1
apologize,1
behalf,1
frictional,1
affiliated,1
garn,1
payoff,1
underwhelming,1
standout,1
reliability,1
framing,1
cartoonishly,1
attempted,1
fretting,1
cohesive,1
cumulative,1
mounted,1
kite,1
castles,1
outranged,1
couldnt,1
pierce,1
rtss,1
berries,1
microsofts,1
lfe,1
sexslaves,1
tjbs,1
comment,1
youv,1
quited,1
flappy,1
ic,1
orc,1
minority,1
horrific,1
tension,1
writers,1
shove,1
herbage,1
handprints,1
ups,1
aiming,1
nods,1
references,1
alighieri,1
divina,1
comedia,1
dudes,1
padding,1
handful,1
strangers,1
modify,1
plethora,1
80us,1
potiental,1
galm,1
mikee,1
yess,1
relialistic,1
river,1
ransom,1
reptition,1
win7,1
cannoyedusers,1
user,1
fallout3,1
inumhwthreads,1
cores,1
morrowind,1
predeccesor,1
silencer,1
priests,1
corpses,1
protester,1
dew,1
silencers,1
gary,1
coleman,1
autograph,1
headed,1
cows,1
simulater,1
richie,1
deathclaw,1
spooper,1
mutant,1
eyebot,1
ghoul,1
ncr,1
boone,1
vats,1
cazadors,1
jingle,1
jangle,1
jingles,1
spurs,1
virginty,1
securely,1
intact,1
bedazzled,1
290,1
teaches,1
teamwork,1
apocolypse,1
massacre,1
halloween,1
october,1
operative,1
instructions,1
8th,1
10th,1
unbox,1
infection,1
infected,1
burden,1
som,1
hentai,1
buildandshoot,1
fez,1
amax,1
zing,1
noo,1
hearted,1
significantly,1
devolver,1
aprx,1
thick,1
thin,1
tl,1
playerpase,1
wonky,1
afraid,1
pleased,1
udner,1
fierce,1
concidered,1
newcomer,1
unable,1
excells,1
dubbed,1
newgen,1
attained,1
conciderable,1
resiliance,1
suffering,1
atop,1
inate,1
tallent,1
teacher,1
toxic,1
recognise,1
everyody,1
freindships,1
thay,1
trust,1
freind,1
hesitant,1
pm,1
gtwinkidn,1
jetpack,1
humorous,1
supaheroes,1
nuf,1
favourites,1
whelming,1
204gc,1
solution,1
mech,1
drives,1
bothered,1
v2,1
squeezed,1
junkie,1
whines,1
income,1
constructive,1
fool,1
backer,1
checked,1
shipbuilder,1
scania,1
podcasts,1
ets2,1
delivery,1
accord,1
shortly,1
warcraft,1
veteran,1
armors,1
battleframes,1
ftpmmorpg,1
uhh,1
economics,1
nutshells,1
foresee,1
grindy,1
sugguest,1
persuade,1
cosmetics,1
jane,1
austin,1
reference,1
fooska,1
generations,1
leanerd,1
cryopods,1
shurikens,1
sneak,1
wallet,1
capes,1
ridiculed,1
imma,1
huz,1
conz,1
proz,1
syndicates,1
warframes,1
fkn,1
rlly,1
gems,1
clash,1
understsand,1
ean,1
repeatedly,1
thant,1
promise,1
yuu,1
approval,1
65,1
withdrawl,1
grades,1
arent,1
cords,1
granparents,1
duo,1
t7100,1
400hrs,1
gymnastics,1
solar,1
patience,1
destiny,1
eyeroll,1
whoring,1
ridicolous,1
coh2,1
compete,1
arty,1
parable,1
esther,1
missed,1
observed,1
corner,1
observant,1
methodical,1
interaction,1
nuances,1
cassette,1
seemingly,1
mundane,1
mansion,1
storytelling,1
integrated,1
relies,1
applauded,1
sexuality,1
subversive,1
mainstream,1
woth,1
origanal,1
grandmas,1
thumpers,1
nostalga,1
achivment,1
ballmer,1
baller,1
android,1
nauseas,1
standalone,1
bloated,1
terminator,1
transformers,1
actors,1
jean,1
van,1
damme,1
biehn,1
arnie,1
synths,1
dystopia,1
society,1
masses,1
unlockables,1
enemie,1
embraces,1
lampooning,1
boots,1
tired,1
garrisons,1
biker,1
helmet,1
nameless,1
synth,1
worthwhile,1
stack,1
heros,1
reignite,1
prison,1
heh,1
optimize,1
qwop,1
nigel,1
burke,1
movements,1
doctor,1
fingers,1
utensils,1
patient,1
transplant,1
scenarios,1
ad,1
incorporate,1
bumping,1
photo,1
hospital,1
emergency,1
sawing,1
squelching,1
nails,1
ache,1
shout,1
giggle,1
strenuous,1
novelty,1
couch,1
pulling,1
intestines,1
sang,1
turner,1
thunderdome,1
agreed,1
sequels,1
thier,1
suckcess,1
ignored,1
buzz,1
passion,1
hollywood,1
productions,1
pockets,1
apocalyptic,1
violent,1
vibe,1
everr,1
worthless,1
overworked,1
grade,1
beef,1
toasters,1
ucker,1
ain,1
rl,1
passenger,1
candy,1
crush,1
clones,1
pesky,1
steering,1
logitech,1
g27,1
clutch,1
shifter,1
included,1
setups,1
stainless,1
steel,1
paddle,1
shifters,1
rev,1
configure,1
racer,1
nfs,1
fanboys,1
turbo,1
percent,1
links,1
awakining,1
pixelated,1
weill,1
metroidvania,1
acrobatic,1
road,1
explorations,1
trouble,1
85,1
slight,1
slot,1
starship,1
eve,1
freelancer,1
shake,1
voila,1
starpoint,1
gemini,1
nail,1
coffin,1
quantitative,1
restrictions,1
downranked,1
lalaland,1
60s,1
40s,1
searching,1
welp,1
eagles,1
thunder,1
weeb,1
chapters,1
complains,1
cluncky,1
fetch,1
stark,1
bladerunerish,1
arcadia,1
identity,1
deathcamps,1
correctness,1
preached,1
imaginable,1
machina,1
darth,1
vader,1
exists,1
hal900,1
narrates,1
redhead,1
singing,1
mmhm,1
mm,1
trail,1
foray,1
pair,1
xray,1
vision,1
markers,1
roses,1
violets,1
blue,1
disdain,1
comparisons,1
recreations,1
elaborate,1
bouncy,1
ramp,1
responsive,1
selected,1
sorted,1
operator,1
zealous,1
videogame,1
traveling,1
wierd,1
bounces,1
bouncing,1
airballs,1
flipping,1
outlanes,1
struggling,1
catches,1
balanced,1
recreating,1
choked,1
absolute,1
outa,1
criticized,1
casting,1
fubar,1
magicks,1
hotkey,1
introduces,1
cooldowns,1
upside,1
artifacts,1
invented,1
lure,1
homes,1
chip,1
softened,1
semisweet,1
whisk,1
mixer,1
bowl,1
fold,1
evenly,1
combine,1
heaped,1
teaspoonfuls,1
onto,1
ungreased,1
sheets,1
removing,1
wire,1
friendship,1
buckle,1
bbtgem,1
bbtcat,1
eaten,1
bbtraccoon,1
bbtduckshark,1
hatty,1
debating,1
beholder,1
arpg,1
diablo2,1
diablo3,1
ambience,1
12123,1
arreseted,1
murderer,1
denied,1
crossdresser,1
arstozkan,1
equivilant,1
illuminati,1
accepted,1
bribes,1
shut,1
trafficking,1
passport,1
inspector,1
arstozka,1
arstotska,1
officer,1
rupels,1
approve,1
immigration,1
worker,1
approved,1
mirrors,1
smashes,1
overtone,1
bases,1
infested,1
badies,1
zones,1
nightfall,1
looming,1
darkness,1
relentlessly,1
evade,1
forge,1
splatterhouse,1
hardcorest,1
sparse,1
understatement,1
acquiring,1
separate,1
takedown,1
opens,1
spoil,1
immense,1
tad,1
styx,1
shadows,1
originals,1
rube,1
goldberg,1
mcabouttodie,1
nooty,1
spoiler,1
almoste,1
att,1
concentrate,1
200s,1
peaceful,1
clubs,1
schoolchildren,1
leisure,1
elders,1
enthusiasts,1
networks,1
broadband,1
accessible,1
dawning,1
providers,1
habit,1
asleep,1
dumped,1
disappoint,1
chuck,1
norris,1
frag,1
teammate,1
classics,1
idiots,1
yelling,1
microphones,1
ears,1
boiling,1
parachutes,1
calculation,1
adequacy,1
admins,1
newbies,1
dummies,1
monetized,1
zt,1
lem,1
waay,1
archived,1
bhop,1
honesty,1
squakers,1
alnguage,1
thean,1
muityolayer,1
wepons,1
muityplayer,1
smh,1
copied,1
backs,1
emptly,1
foreverdrivealone,1
commentary,1
frailty,1
bloodlines,1
dangers,1
inbreeding,1
incest,1
flaming,1
elfen,1
focuses,1
enchancements,1
gig,1
auction,1
guilds,1
geared,1
optimus,1
funniest,1
pay2win2,1
maor,1
randomness,1
existed,1
termies,1
genestealers,1
vidya,1
flamers,1
bolters,1
hulking,1
gene,1
bred,1
supersoldier,1
41st,1
millenium,1
absoute,1
replacement,1
enought,1
explanations,1
fluid,1
screwdrivers,1
trench,1
anno,1
charter,1
directed,1
eg,1
250,1
specified,1
grows,1
naturally,1
disabled,1
disasters,1
reads,1
unitl,1
sniping,1
88mm,1
20mm,1
40mm,1
releasing,1
disliked,1
neotokyo,1
1337,1
alex,1
versed,1
peacock,1
assassinated,1
noise,1
equivalent,1
gargling,1
mouth,1
gargle,1
tropico,1
kewala,1
slay,1
slander,1
detective,1
wpm,1
chainsawesome,1
viscera,1
cleanup,1
brcause,1
paradise,1
band,1
jacked,1
bus,1
deluxe,1
rounded,1
clicks,1
youll,1
interactable,1
customizable,1
movesets,1
crayon,1
physx,1
scribblenauts,1
corn,1
receieved,1
halt,1
hanger,1
peace,1
students,1
godly,1
madmen,1
sw0g,1
pawned,1
quad,1
passmark,1
1200,1
rush,1
suprised,1
warning,1
curse,1
includes,1
moh,1
bf2,1
1942,1
vietnam,1
expansions,1
fantasies,1
marlow,1
briggs,1
rawkit,1
lawnchair,1
flies,1
flys,1
laughd,1
hover,1
written,1
flashbacks,1
obama,1
cried,1
d6,1
vomitted,1
unborn,1
fetus,1
satan,1
glass,1
milk,1
fn,1
evur,1
devil,1
occasional,1
monstro,1
basements,1
escaped,1
attempting,1
sacrifice,1
ur,1
cs1,1
scored,1
fifas,1
wayy,1
1453,1
1039,1
flag,1
trickshoting,1
noobs,1
sports,1
knockoff,1
powerups,1
notice,1
180,1
ping,1
injuries,1
jew,1
warming,1
benches,1
calculated,1
potentionally,1
nah,1
java,1
shark,1
hahahaha,1
everyday,1
fe,1
craftables,1
cand,1
identical,1
burgeoning,1
provinces,1
ax,1
fighters,1
pikemen,1
archers,1
potent,1
recruits,1
desired,1
formation,1
angled,1
promises,1
realized,1
missing,1
folder,1
compatitbility,1
sp2,1
uncheck,1
outdated,1
overlook,1
engaging,1
skylines,1
maxis,1
xl,1
sites,1
fleshed,1
portions,1
assign,1
simultaneous,1
deckbuilding,1
improves,1
mt,1
semper,1
motherland,1
hog,1
tldr,1
lethal,1
babies,1
roulette,1
competitor,1
antigravity,1
wrecked,1
cowering,1
praying,1
slam,1
jam,1
screaming,1
hatch,1
latch,1
raptor,1
enchilada,1
sonata,1
candyman,1
3x,1
darling,1
hearing,1
baroness,1
bl2,1
gaige,1
borders,1
lilith,1
blazblue,1
cp,1
stunt,1
1usd,1
experimantal,1
mega,1
omega,1
skirt,1
95,1
cowboys,1
slimi,1
nuts,1
lick,1
loads,1
headbutted,1
teleported,1
adam,1
sandler,1
pewdiepie,1
bawss,1
trippy,1
cpr,1
phallic,1
myslef,1
souvenirs,1
sidewalks,1
creativity,1
footpath,1
finest,1
froot,1
definetly,1
simpliest,1
plaything,1
highlights,1
register,1
login,1
annoyinces,1
ooga,1
boogas,1
schools,1
hacker,1
zimbabwe,1
safeway,1
isis,1
chromosomes,1
passive,1
ducks,1
3ducks,1
deviently,1
questionable,1
immidiate,1
hiests,1
mounts,1
drank,1
passed,1
insult,1
markup,1
earns,1
becareful,1
tnxs,1
suk,1
dart,1
yeaa,1
nogla,1
preordering,1
forsee,1
1400,1
rub,1
4v1,1
asymetrical,1
meter,1
machineguns,1
crisis,1
vo,1
ripped,1
dvds,1
eulogie,1
heavenly,1
milkshakes,1
brigador,1
audiobook,1
horny,1
dam,1
minders,1
inde,1
jforce,1
unstopable,1
waited,1
miners,1
foundation,1
spartan,1
slasher,1
planetscapes,1
slashing,1
abandoned,1
cybernator,1
uninstalling,1
caveat,1
exemplify,1
annotate,1
author,1
hehe,1
viedeo,1
paul,1
walker,1
darwin,1
capitalism,1
serbian,1
patriot,1
cockades,1
consuming,1
instantly,1
prepper,1
stunned,1
700,1
nba,1
2k15,1
59,1
prefered,1
q3a,1
cpma,1
fallow,1
monopoly,1
nep,1
kawaii,1
warner,1
whip,1
videogames,1
masterfully,1
avoids,1
wiiu,1
handheld,1
vita,1
technically,1
offerings,1
evolution,1
snail,1
dispense,1
gathered,1
directional,1
studs,1
painfully,1
charming,1
galladan,1
licensed,1
sane,1
franchises,1
offending,1
reskin,1
megaman,1
repetetive,1
cancelled,1
lotr,1
figuring,1
upset,1
messing,1
datamine,1
birth,1
phone,1
twitter,1
precautions,1
security,1
databases,1
records,1
guarantee,1
unauthorized,1
hacking,1
stores,1
stored,1
processed,1
owned,1
operated,1
contracted,1
privacy,1
agrees,1
storing,1
processing,1
contracting,1
chess,1
ranch,1
dressing,1
posting,1
comrads,1
rusian,1
shoud,1
wolfenstein,1
apocalypes,1
outrun,1
dmitry,1
glukhovsky,1
moscow,1
stalker,1
hideo,1
kojima,1
intro,1
gals,1
sidekick,1
chick,1
balto,1
upload,1
mp3s,1
plated,1
darting,1
fiddle,1
costumize,1
posters,1
pretending,1
downhill,1
transportation,1
poster,1
tease,1
boxy,1
kidnap,1
wich,1
whenever,1
sexyness,1
compesates,1
huey,1
anoying,1
brat,1
mines,1
mgo,1
gunships,1
capability,1
fable,1
pineview,1
diapers,1
amazon,1
wishlis,1
rename,1
nodnol,1
launched,1
victor,1
dea,1
prologue,1
alongside,1
mexican,1
federal,1
national,1
chief,1
observe,1
meeting,1
barons,1
betrayl,1
autoheal,1
aid,1
kits,1
nav,1
racked,1
bestowed,1
callsign,1
production,1
upgraded,1
thugs,1
commandos,1
periodic,1
horrible,1
skipping,1
realtek,1
unused,1
ports,1
spdif,1
hahahahaha,1
oldschool,1
eternal,1
arrises,1
lann,1
gaia,1
castoth,1
customisation,1
dispised,1
cunning,1
actions,1
contribute,1
jumpscare,1
navy,1
assassinate,1
shrek,1
baldur,1
gate,1
lineage,1
temple,1
eothas,1
gilded,1
vale,1
52am,1
ko,1
wraith,1
wc1,1
wc2,1
resulting,1
inquisition,1
respect,1
huntin,1
mosters,1
swards,1
nomination,1
gwent,1
buttom,1
joystic,1
ff,1
xii,1
thak,1
sqe,1
frist,1
fs9,1
fsx,1
p3d,1
xp10,1
beginners,1
landings,1
bomberman,1
pacman,1
avatar,1
succesfully,1
steals,1
animoo,1
waifus,1
weebs,1
150,1
49,1
figures,1
iam,1
hearth,1
caster,1
priceless,1
supervisor,1
marks,1
novas,1
centers,1
dod,1
1991,1
1955,1
drawings,1
producers,1
ds4,1
4k,1
sqare,1
consisted,1
tme,1
mastery,1
l6mqhcq2qlpl3q9t2mf9,1
sickness,1
rails,1
wohoo,1
mkxl,1
birbs,1
judging,1
judgement,1
votes,1
husband,1
gemetry,1
ruleset,1
drone,1
parkour,1
processors,1
sessions,1
robotic,1
treyach,1
dave,1
peck,1
wrks,1
sadlee,1
itz,1
ced,1
62h,1
noobians,1
hacks,1
influenced,1
pickups,1
infinitely,1
replayable,1
neck,1
havesexwithyoucousin,1
meme,1
brosanity,1
da,1
screensaver,1
relate,1
spacebar,1
preview,1
hahaha,1
leveled,1
fired,1
blah,1
spotify,1
astronaut,1
priced,1
polarity,1
colored,1
budget,1
nutshell,1
wwi,1
shadowed,1
dreadful,1
qp,1
inferno,1
expendables,1
nicolas,1
wu,1
brawler,1
divepunch,1
biased,1
dungeoneering,1
giveaway,1
inventories,1
armories,1
accrate,1
capabiliteis,1
prototypes,1
pleasure,1
spooktacular,1
foxy,1
bonnie,1
chillin,1
stuffed,1
freddy,1
startle,1
prese,1
therapy,1
dud,1
fallen,1
cosmonautica,1
tetris,1
raw,1
76,1
hug,1
punchwizards,1
ohh,1
gane,1
coninuing,1
fate,1
galaxy,1
hybrid,1
reset,1
ampwink,1
maintain,1
disappointing,1
outnumber,1
improvemnts,1
optimizable,1
mindful,1
innovative,1
romance,1
pulltop,1
moenovel,1
localisation,1
messy,1
abortion,1
4kids,1
delayed,1
backburner,1
bearable,1
romantic,1
glider,1
chicks,1
asap,1
specialy,1
manly,1
shed,1
dialog,1
worked,1
zs2,1
esentially,1
glorified,1
pooh,1
piglet,1
nekos,1
gifted,1
brink,1
jews,1
hex,1
academy,1
starcraft,1
salem,1
transformice,1
clueless,1
girlfriend,1
majula,1
ogre,1
buts,1
banjo,1
tooie,1
earthbound,1
pcmasterrace,1
dayz,1
demo,1
cubicle,1
ranging,1
capturing,1
gigantic,1
napoleonic,1
obscure,1
conditions,1
distribution,1
quantity,1
disposal,1
ssi,1
stylish,1
sophisticated,1
victorian,1
navies,1
excell,1
evening,1
monumental,1
commodore,1
kaiser,1
hearts,1
accessable,1
intuitive,1
phenomenal,1
actively,1
communicate,1
teleporters,1
teleport,1
regardless,1
deduct,1
5,1
8,1
teleports,1
hopefully,1
lower,1
substantially,1
deeper,1
teleporting,1
coastal,1
province,1
globe,1
protag,1
xual,1
components,1
gallery,1
bush,1
labours,1
titel,1
herc,1
fat,1
whould,1
samurai,1
2k12,1
bakas,1
samuri,1
serenity,1
bp,1
programme,1
martin,1
shkreli,1
placing,1
decrease,1
concentration,1
pills,1
creams,1
syringes,1
output,1
sizes,1
conveyor,1
belts,1
explorers,1
invent,1
adopted,1
progressively,1
tougher,1
arbitrary,1
debuffs,1
limits,1
ingredient,1
created,1
sore,1
throat,1
recipes,1
cures,1
paused,1
knees,1
10h,1
shantae,1
qt,1
jose,1
suitable,1
mobiles,1
million,1
scam,1
mars,1
managers,1
youu,1
woke,1
billionaire,1
crushes,1
communism,1
pigeon,1
manager,1
credibility,1
pachinko,1
activates,1
block,1
pink,1
resets,1
basket,1
mindblowing,1
finshed,1
plural,1
bound,1
greek,1
mitos,1
thread,1
chondrion,1
granule,1
generate,1
diameter,1
considerably,1
stained,1
supplying,1
signaling,1
differentiation,1
maintaining,1
growth,1
biogenesis,1
temporally,1
coordinated,1
processes,1
implicated,1
diseases,1
disorders,1
dysfunction,1
autism,1
organism,1
specialized,1
regions,1
intermembrane,1
cristae,1
species,1
615,1
rats,1
940,1
reported,1
proteome,1
dynamically,1
regulated,1
independent,1
substantial,1
similarity,1
genomes,1
intracellular,1
represented,1
1840s,1
richard,1
altmann,1
1890,1
established,1
organelles,1
bioblasts,1
carl,1
benda,1
1898,1
leonor,1
michaelis,1
supravital,1
stain,1
1900,1
1904,1
friedrich,1
meves,1
recorded,1
waterlily,1
nymphaea,1
alba,1
1908,1
claudius,1
regaud,1
lipids,1
benjamin,1
kingsbury,1
exclusively,1
morphological,1
1913,1
particles,1
extracts,1
guinea,1
linked,1
grana,1
wieland,1
postulated,1
particle,1
disagreed,1
1925,1
keilin,1
cytochromes,1
1939,1
experiments,1
minced,1
muscle,1
demonstrated,1
oxygen,1
atom,1
1941,1
phosphate,1
bonds,1
metabolism,1
fritz,1
lipmann,1
elaborated,1
fractions,1
biochemical,1
conducted,1
1946,1
concluded,1
cytochrome,1
oxidase,1
enzymes,1
mitchondria,1
eugene,1
kennedy,1
lehninger,1
1948,1
phosphorylation,1
determined,1
electron,1
micrographs,1
appeared,1
1952,1
replacing,1
stains,1
visualising,1
confirmation,1
showed,1
folded,1
ridges,1
dividing,1
philip,1
siekevitz,1
1957,1
1967,1
1968,1
yeast,1
1976,1
hypotheses,1
prokaryotic,1
implementing,1
mechanisms,1
endosymbionts,1
born,1
splitting,1
divergence,1
enclosed,1
membranes,1
crossed,1
accredited,1
endosymbiosis,1
26,1
organized,1
corr,1
proposes,1
regulation,1
codes,1
trnas,1
messenger,1
proto,1
rickettsia,1
alphaproteobacteria,1
controversial,1
28,1
study,1
manoa,1
sar11,1
clade,1
shares,1
70s,1
ribosome,1
cytoplasmic,1
popularized,1
lynn,1
margulis,1
32,1
descended,1
survived,1
endocytosis,1
cytoplasm,1
conduct,1
relied,1
glycolysis,1
fermentation,1
considerable,1
evolutionary,1
symbiotic,1
34,1
unicellular,1
vestigial,1
derived,1
microsporidians,1
metamonads,1
archamoebae,1
primitive,1
phylogenetic,1
rrna,1
imgur,1
childish,1
interests,1
summed,1
tag,1
serviceable,1
antagonists,1
characterization,1
underdeveloped,1
pixeljudge,1
lasts,1
haha,1
mem,1
tenchu,1
sucessor,1
alisha,1
velocirapter,1
indominous,1
amasing,1
buwaro,1
elaboration,1
flooded,1
firing,1
barrage,1
ancestors,1
tojo,1
lightens,1
poet,1
filippo,1
tommaso,1
marinetti,1
weeaboo,1
maniacally,1
rock,1
retailer,1
beg,1
scheduled,1
eighth,1
excuses,1
ignorant,1
forgive,1
1986,1
sox,1
trine,1
typically,1
glitchy,1
solutions,1
theif,1
grappling,1
hook,1
1997,1
paragraphs,1
frostmage,1
bbrraaiinnss,1
capitalist,1
8k,1
contract,1
regrets,1
gerbil,1
daemons,1
dwarfs,1
minotaur,1
grobi,1
urks,1
grudgin,1
hacked,1
pacemaker,1
preventing,1
cardboard,1
refunded,1
editing,1
redownload,1
ol,1
modeling,1
explicitly,1
perceived,1
positively,1
negatively,1
advertising,1
buyout,1
tycoons,1
bland,1
fixes,1
dramatically,1
males,1
hunter,1
bridge,1
desktop,1
ds3,1
sock,1
legitmately,1
notebook,1
ac,1
satisfing,1
simular,1
frankly,1
irritating,1
paly,1
publish,1
zun,1
profit,1
taught,1
stuffs,1
deepest,1
caves,1
somethings,1
technologies,1
signal,1
manually,1
4gb,1
i7,1
4790k,1
16gb,1
glorious,1
ds1,1
namco,1
bandai,1
marketing,1
dix,1
lothric,1
empathize,1
affleck,1
mimic,1
fallout4,1
cheated,1
hurts,1
cookin,1
peanut,1
dd,1
endgame,1
activity,1
housing,1
weakest,1
telltales,1
releases,1
superior,1
bordlerlands,1
canada,1
dry,1
ginger,1
wife,1
aston,1
villa,1
66,1
1994,1
labeled,1
creation,1
ctf,1
enemey,1
invulnerability,1
animation,1
overdone,1
invincibility,1
outlet,1
avenue,1
saddened,1
graphically,1
faithful,1
precisely,1
wished,1
decades,1
demand,1
lacked,1
adrealine,1
twitch,1
reflex,1
unreal,1
washed,1
predecessors,1
resonate,1
teenage,1
devoted,1
genres,1
floppy,1
rom,1
successors,1
worshiper,1
implement,1
nerf,1
insta,1
adjust,1
scripts,1
catchier,1
heck,1
hops,1
strafe,1
jumps,1
throwback,1
snapmap,1
mandatory,1
pita,1
purely,1
familiarity,1
inadvertently,1
mislead,1
inspirations,1
besthesda,1
carmack,1
subsequently,1
thousand,1
returned,1
reluctantly,1
employees,1
affiliates,1
fragging,1
sponsored,1
nike,1
awards,1
swayed,1
reminded,1
hans,1
axel,1
spikes,1
rated,1
ghz,1
128,1
mb,1
texture,1
forgetful,1
makers,1
unbiased,1
455,1
mister,1
months,1
firewatch,1
lifetime,1
outcomes,1
ranger,1
slaver,1
wasteland,1
bb,1
bandits,1
assasinated,1
avoided,1
divorced,1
rode,1
boxing,1
champion,1
gangster,1
impregnated,1
mob,1
doomed,1
willing,1
fishsticks,1
engages,1
discussion,1
consent,1
villifys,1
spanking,1
freight,1
passengers,1
crated,1
bulk,1
liquids,1
station,1
railway,1
especiall,1
cab,1
painting,1
bob,1
ross,1
relaxing,1
entertain,1
tilt,1
carriages,1
shh,1
rhetorical,1
homages,1
imitators,1
cling,1
lateral,1
momentum,1
thrilling,1
aerial,1
maneuvers,1
glance,1
maneuver,1
featureless,1
surfaces,1
rainbow,1
forming,1
sends,1
highlight,1
produces,1
burst,1
coats,1
attempt,1
clearer,1
variance,1
stomp,1
sadistic,1
turrets,1
layout,1
manuevering,1
timing,1
timers,1
knock,1
brevity,1
stacked,1
besting,1
moody,1
appropriately,1
squishy,1
emphatic,1
wwe,1
bounciness,1
slider,1
jiggle,1
osmos,1
impress,1
imprecise,1
unpolished,1
eufloria,1
breathing,1
necromunda,1
offended,1
crotchplates,1
representations,1
stellar,1
snake,1
nasa,1
portable,1
723,1
tts,1
aeiou,1
maddens,1
gina,1
ite,1
hahahahahah,1
euch,1
spaghetti,1
undyne,1
suplexes,1
cooking,1
lesson,1
dinosaur,1
trolled,1
bruh,1
debate,1
whever,1
undertale,1
cavern,1
skeletons,1
carries,1
uniqueness,1
exp,1
lv,1
viable,1
befriending,1
joyful,1
personality,1
determines,1
fights,1
encounter,1
motherly,1
toriel,1
wacky,1
papyrus,1
toby,1
dateable,1
toto,1
lyrics,1
drums,1
echoing,1
whispers,1
conversation,1
twelve,1
moonlit,1
reflect,1
salvation,1
ancient,1
melodies,1
restless,1
longing,1
solitary,1
kilimanjaro,1
rises,1
olympus,1
serengeti,1
frightened,1
hot,1
moderately,1
spoopy,1
bookmark,1
regularly,1
intentionally,1
trolling,1
unintentionally,1
offside,1
vein,1
pixel,1
sharing,1
reveals,1
boo,1
wos,1
positioning,1
culminating,1
resolutely,1
nearer,1
joystick,1
performs,1
tackle,1
headers,1
finicky,1
fouls,1
strategically,1
underlines,1
offsides,1
vastly,1
overpowered,1
quicker,1
length,1
pitch,1
removes,1
financing,1
downsides,1
onside,1
kicked,1
olds,1
assigns,1
idiosyncracies,1
leagues,1
uncommon,1
6v6,1
gamey,1
respond,1
requests,1
suggestions,1
willingness,1
sensi,1
pes,1
arcadey,1
virtue,1
passing,1
def,1
uk,1
division,1
annex,1
crimea,1
turkey,1
declare,1
falsify,1
elections,1
spark,1
occupy,1
overthrow,1
goverment,1
fasict,1
communist,1
poland,1
nuke,1
democratize,1
china,1
suiside,1
marshall,1
mates,1
reinforcements,1
colleagues,1
rulers,1
irl,1
uninstal,1
jelly,1
sugery,1
epilepsy,1
boum,1
pshh,1
cares,1
ezpz,1
rekt,1
skrub,1
swerve,1
browser,1
educated,1
nights,1
grief,1
counseling,1
zapped,1
teletubbies,1
wiimote,1
yoshis,1
waluigi,1
horde,1
fenced,1
roped,1
speeding,1
tv,1
crowbar,1
sm64,1
bloopers,1
organised,1
npc,1
laughter,1
rdm,1
nephew,1
owners,1
posing,1
machinimas,1
lua,1
scripting,1
enviornment,1
maximize,1
schreen,1
whitw,1
lighthearted,1
wuppo,1
acclaimed,1
gas,1
powered,1
manned,1
drones,1
remotely,1
commanded,1
vitriol,1
responses,1
equally,1
united,1
uef,1
aeon,1
illuminate,1
cybran,1
struggle,1
fragile,1
plots,1
dramatic,1
grim,1
idealistic,1
uninteresting,1
expressions,1
fmvs,1
familiarize,1
voiced,1
spectacular,1
lackluster,1
capabilities,1
legos,1
scaling,1
understandable,1
eagerly,1
awaited,1
discourage,1
entering,1
elsewhere,1
assert,1
supremacy,1
unmanned,1
annihilation,1
harness,1
generators,1
extractors,1
secured,1
tiers,1
accumulated,1
gains,1
facilities,1
outright,1
relearn,1
joint,1
squadrons,1
downgrades,1
experimental,1
effectively,1
minimap,1
fog,1
zoom,1
coordinate,1
tasking,1
priority,1
ost,1
complimented,1
influences,1
hawken,1
battletech,1
leitmotif,1
downplayed,1
fittingly,1
dynamic,1
shifts,1
intensity,1
wind,1
orchestra,1
climaxes,1
warnings,1
immediate,1
restrained,1
alternating,1
sarcastic,1
remarks,1
attempts,1
regards,1
hub,1
completionists,1
discover,1
misleading,1
fortunately,1
news,1
expectancy,1
danger,1
spiritual,1
conflicting,1
lore,1
disguise,1
judgmental,1
72,1
featured,1
narrow,1
relevance,1
wishlist,1
superheroes,1
somalia,1
readily,1
psn,1
sony,1
restriction,1
prevent,1
minors,1
mature,1
kiddies,1
deviants,1
seeking,1
smut,1
catered,1
uncensored,1
wonders,1
patching,1
compromise,1
eighteens,1
perverts,1
ogle,1
desire,1
commences,1
bashful,1
adventurer,1
purge,1
catacombs,1
residing,1
awakens,1
owner,1
brief,1
tussle,1
overpowers,1
interrupted,1
hibernation,1
sorcery,1
unwilling,1
servant,1
venture,1
reclaim,1
lair,1
travels,1
bolster,1
ranks,1
recruiting,1
defeated,1
endowed,1
guarding,1
surrender,1
willingly,1
garment,1
stripping,1
humiliate,1
submission,1
assortment,1
busty,1
witches,1
anthropomorphic,1
forty,1
voluptuous,1
beauties,1
tenchi,1
muyo,1
harem,1
gal,1
depleted,1
drains,1
causing,1
suffer,1
wardrobe,1
malfunction,1
enabled,1
attire,1
exposed,1
prudish,1
examples,1
taxing,1
clearing,1
manipulate,1
switches,1
circumvent,1
exploit,1
elemental,1
shrewdly,1
embarrassing,1
outfit,1
opt,1
bikini,1
maid,1
uniform,1
bondage,1
winged,1
wordier,1
novels,1
onus,1
labyrinths,1
levelling,1
admiring,1
sixteen,1
compares,1
favourably,1
duration,1
justify,1
strain,1
wrist,1
preface,1
heartstrings,1
satisfy,1
settled,1
rampart,1
invaders,1
breaks,1
refortify,1
defenses,1
replenish,1
variations,1
gist,1
turnaround,1
stylings,1
rendered,1
amateurish,1
classy,1
uncomplicated,1
lordly,1
toil,1
mortar,1
economic,1
replete,1
editor,1
manning,1
banished,1
stays,1
hopping,1
wine,1
goblet,1
designing,1
intricate,1
milord,1
r8,1
court,1
rehabilitation,1
rehab,1
overcome,1
rude,1
contestant,1
defence,1
sentenced,1
tourists,1
allocated,1
droid,1
electronic,1
fence,1
fences,1
locker,1
strapped,1
deployed,1
grapping,1
deter,1
closer,1
playability,1
opinions,1
expressed,1
curator,1
channel,1
investigate,1
goodbye,1
official,1
trigger,1
havoc,1
quirky,1
closed,1
identification,1
subsequent,1
exaggeration,1
overarching,1
wherein,1
plumb,1
confined,1
circumstances,1
sympathetic,1
believable,1
motivations,1
fanservicey,1
whimpering,1
dojikko,1
tripping,1
compromising,1
risque,1
hitting,1
beats,1
devolving,1
utter,1
dangitronpaul,1
tradition,1
looping,1
static,1
investigation,1
examine,1
deploy,1
infuriating,1
accomplish,1
circle,1
propositions,1
inconsistencies,1
damning,1
backing,1
prompting,1
verbal,1
arguments,1
devastating,1
rejoinder,1
instances,1
leaps,1
twists,1
guessing,1
solved,1
pertinent,1
hp,1
reduces,1
appropriate,1
education,1
minigames,1
unfun,1
whose,1
removal,1
served,1
hangman,1
gambit,1
tacked,1
representing,1
shelled,1
characteristically,1
res,1
cgs,1
spotty,1
importantly,1
localization,1
translations,1
riddled,1
grammatical,1
errors,1
stretch,1
friendless,1
pedant,1
exceptional,1
route,1
conventional,1
ln,1
narita,1
ryougo,1
baccano,1
durarara,1
installment,1
slightest,1
unlikely,1
grimrock,1
thorn,1
originated,1
mimics,1
mc,1
tasked,1
reloaded,1
irrationally,1
roof,1
reloads,1
vladimir,1
putin,1
lookalike,1
fjweklfj,1
aweiofj,1
awfio,1
j23iofjip,1
32fn,1
fsaoefeka,1
fjawefij,1
wae,1
fj3ui9qpfj,1
234uqf,1
jeruijfei,1
nfuiwejfiu,1
grjui,1
ergj,1
seruigjse,1
masterrace,1
travis,1
painful,1
catholic,1
dense,1
spanish,1
r18,1
coconut,1
deponia,1
santa,1
fluffy,1
surprised,1
wool,1
hooves,1
mane,1
antlers,1
punches,1
spam,1
ponyboy,1
awesomesmile,1
tendancies,1
revenue,1
exception,1
mythos,1
marching,1
kudos,1
draws,1
mats,1
obtain,1
alchemist,1
blacksmith,1
priest,1
mage,1
ccg,1
similarily,1
rankings,1
guildies,1
hone,1
sunk,1
dump,1
rares,1
legendaries,1
perpetually,1
audiences,1
jinx,1
resolved,1
fee,1
dangerously,1
instability,1
ptwfaster,1
wont,1
ped,1
frinds,1
dropping,1
magma,1
excalibur,1
legendary,1
muh,1
magica,1
invoker,1
badges,1
snack,1
sfdqfs,1
inlcuding,1
kirkman,1
clem,1
weekend,1
pedestal,1
eu4s,1
aggressive,1
eras,1
1835,1
1935,1
hoi3,1
1936,1
monthly,1
bankrupt,1
industry,1
unemployed,1
reorganize,1
government,1
centralized,1
socialist,1
monarchy,1
agree,1
revolt,1
policies,1
ranking,1
representative,1
potentially,1
sphere,1
harm,1
colonize,1
consume,1
printing,1
maths,1
2009,1
200x,1
trizeal,1
remix,1
exzeal,1
founded,1
employee,1
konami,1
degica,1
acronym,1
aka,1
stg,1
restricted,1
essence,1
lock,1
marked,1
flickers,1
flicker,1
visually,1
pattern,1
displayed,1
accumulate,1
deliberately,1
direct,1
digital,1
pad,1
replays,1
patterns,1
techniques,1
windowed,1
boies,1
dominator,1
delicious,1
blankets,1
hehehe,1
qualify,1
journals,1
medically,1
stress,1
trailer,1
disturbing,1
deals,1
abuse,1
medical,1
malpractice,1
partly,1
disgust,1
shock,1
pace,1
crosshairs,1
historically,1
bet,1
kent,1
accept,1
accuracy,1
spawning,1
protection,1
reviving,1
mahjong,1
becouse,1
omg,1
overwatch,1
gibuses,1
bats,1
conga,1
college,1
fortresses,1
resemblance,1
moderate,1
tap,1
icons,1
alterations,1
accidently,1
reviewed,1
ey,1
b0ss,1
gib,1
drift,1
bartending,1
akira,1
runner,1
alma,1
bones,1
lewis,1
carroll,1
lucid,1
shaped,1
statistics,1
preset,1
differ,1
plain,1
outlook,1
playthroughs,1
unanswered,1
answers,1
settle,1
slach,1
storylines,1
damke,1
slavness,1
speaks,1
private,1
greenlit,1
pewpewpewpewpewpewwoweasypewpewboomwhattheshitboomokayonemoretime,1
idiot,1
joins,1
subreddit,1
shift,1
anyime,1
romans,1
calgula,1
pg,1
cutscene,1
misson,1
xenoverse,1
moustache,1
exratchet,1
scare,1
snes,1
reader,1
rushed,1
typos,1
fran,1
ais,1
j,1
ce,1
jeu,1
promo,1
une,1
tr,1
courte,1
sur,1
rapide,1
musique,1
que,1
chansons,1
qui,1
boucles,1
choix,1
fins,1
mais,1
abrupt,1
pr,1
cipit,1
aussi,1
plein,1
fautes,1
dans,1
le,1
texte,1
peine,1
je,1
peux,1
recommander,1
petit,1
prix,1
voulez,1
spiderware,1
continuation,1
prolonged,1
fractured,1
pact,1
intrigue,1
imperfect,1
confuse,1
tiny,1
slither,1
unconscious,1
aoe,1
quarter,1
loyalties,1
tugged,1
directions,1
foreign,1
opportunities,1
potted,1
lovelorn,1
companions,1
niggling,1
pester,1
surprising,1
proof,1
grammar,1
khalida,1
dashy,1
bo,1
siralim,1
sequal,1
granddaughter,1
agent,1
fbi,1
stumbles,1
murders,1
prior,1
dialoge,1
prize,1
attitude,1
spunk,1
elabrate,1
memorible,1
paris,1
motif,1
ripper,1
opera,1
designers,1
appreciation,1
allan,1
grant,1
ellie,1
sattler,1
ate,1
timewaster,1
tqit,1
xmax,1
jk,1
pops,1
figured,1
tbs,1
miracle,1
variates,1
surrounding,1
diplomatic,1
advantages,1
lengths,1
ultimate,1
costumization,1
fanatics,1
lmao,1
pits,1
mere,1
comminer,1
vassels,1
81,1
moods,1
archer,1
stood,1
infront,1
bannerlord,1
butchering,1
velvet,1
cul,1
flip,1
penetrate,1
foil,1
conversions,1
8gb,1
560ti,1
1gb,1
amd,1
6100,1
3ghz,1
siren,1
blooded,1
aryan,1
antiscocial,1
atheist,1
anarchist,1
sexualy,1
asaulted,1
easter,1
yah,1
marines,1
memes,1
anthony,1
burch,1
builders,1
neople,1
rose,1
waters,1
ironclad,1
geico,1
asteroids,1
chill,1
chilling,1
constriuir,1
unusual,1
sought,1
se,1
learned,1
cave,1
icarus,1
completly,1
existent,1
catwoman,1
emerland,1
feelings,1
madden,1
10x,1
li,1
lynch,1
middlwe,1
intervention,1
civilians,1
speechless,1
donald,1
trump,1
meaningless,1
shovel,1
digging,1
sisyphus,1
reborn,1
philosophical,1
gearguns,1
redux,1
struggles,1
gone,1
roughly,1
twenty,1
shocked,1
grandia,1
storage,1
exploding,1
boomer,1
prizes,1
carnival,1
lik,1
gnomie,1
radial,1
l4d3,1
gtwinkon,1
stadard,1
cannoy,1
overtake,1
potion,1
cough,1
l4d1,1
agian,1
hood,1
caring,1
destruction,1
guerilla,1
cathartic,1
dawn,1
lnotepad,1
blogspot,1
helicopters,1
jetski,1
downgrade,1
applies,1
mayhem,1
sidemissions,1
saint,1
insert,1
pronouns,1
orientation,1
triggers,1
lads,1
bond,1
waffle,1
lad,1
jazzy,1
funky,1
homies,1
afro,1
kasparov,1
hulkster,1
autotune,1
dogg,1
adversaries,1
bane,1
sean,1
connery,1
leafyishere,1
sasha,1
gray,1
lasted,1
dazzling,1
escaping,1
crushing,1
existential,1
majors,1
russians,1
peruvians,1
riki,1
abusive,1
delegation,1
autists,1
nodotanolife,1
ratio,1
obligitory,1
blueberries,1
nc,1
pinoy,1
trashtalk,1
123123123,1
ck,1
rekta,1
paysafe,1
filipno,1
abysmal,1
jokes,1
noone,1
discs,1
delta,1
consisting,1
clonetroopers,1
fixer,1
scorch,1
l33t,1
hax0r,1
sev,1
stopping,1
separatists,1
extracting,1
wikipedia,1
militaristic,1
adapted,1
authentic,1
heavier,1
weaons,1
futhermore,1
noises,1
fauna,1
kashyyk,1
breddy,1
position,1
planting,1
explosives,1
advance,1
squadmates,1
protocols,1
amidst,1
dumb,1
improvise,1
pressure,1
specops,1
regenerate,1
bacta,1
dire,1
wookie,1
workaround,1
gamespy,1
ish,1
cheats,1
battlefront,1
innovation,1
oval,1
drawing,1
address,1
enrichment,1
1a,1
aperature,1
laboratories,1
grapics,1
eternity,1
dunno,1
ng,1
gmae,1
promptly,1
mo,1
someday,1
contemplate,1
enducing,1
kin,1
37mm,1
panthers,1
stugs,1
flanked,1
chaffe,1
tml,1
assembled,1
forum,1
wreck,1
debris,1
resembles,1
punctuated,1
triumph,1
effective,1
ons,1
modest,1
specifications,1
assignments,1
operating,1
tutorials,1
pages,1
rov,1
views,1
familiarization,1
cue,1
meters,1
tab,1
pause,1
operational,1
parameters,1
spare,1
cabins,1
retailed,1
freeweekend,1
motivated,1
sa,1
az,1
speedrun,1
ice,1
slipping,1
mesa,1
facility,1
bmrf,1
headcrabs,1
foetus,1
masterpiece,1
eps,1
zombis,1
dinos,1
dino,1
teh,1
dinosaurus,1
hardgreave,1
puns,1
3h,1
kinada,1
oddly,1
dowload,1
c64,1
meghan,1
trainor,1
proud,1
sand,1
standards,1
reconfirm,1
covers,1
compelled,1
archives,1
tw2,1
reducing,1
looting,1
obnoxious,1
ratting,1
excitement,1
continuing,1
onwards,1
relay,1
foremost,1
summarize,1
landscapes,1
enclosing,1
teamed,1
efforts,1
tremendously,1
aesthetically,1
cuts,1
therefor,1
hypocrisy,1
noses,1
kindly,1
corrupted,1
rapture,1
microprose,1
inc,1
revolutionary,1
cited,1
breakdown,1
supported,1
engineers,1
eluded,1
intend,1
updating,1
forums,1
remarkable,1
strategies,1
phases,1
murdered,1
zap,1
toasted,1
carbon,1
remind,1
nada,1
humblebundle,1
keen,1
rolling,1
perfected,1
deployment,1
scout,1
breaching,1
nukes,1
skyranger,1
murphy,1
laws,1
org,1
amazes,1
easiest,1
steep,1
obsession,1
laura,1
disgustingly,1
superhero,1
dads,1
daughters,1
roleplay,1
installation,1
failtastic,1
microsoft,1
authored,1
guitar,1
neurons,1
neuron,1
osx,1
yosemite,1
bioshocks,1
costants,1
constants,1
haveing,1
toss,1
ana,1
elizabeth,1
booker,1
dewitt,1
zachary,1
comstock,1
tails,1
lighthouses,1
wipe,1
debt,1
hiccups,1
proves,1
swap,1
vigors,1
plasmids,1
lampshaded,1
crossover,1
burial,1
tin,1
noteworthy,1
finnicky,1
chances,1
gripped,1
whooaa,1
understanding,1
fundementals,1
sid,1
meier,1
civlization,1
ruins,1
barbarian,1
camps,1
expanding,1
trick,1
backstab,1
carefull,1
luxury,1
wishes,1
hundered,1
hooked,1
mentality,1
civilization,1
gahoona,1
55,1
twice,1
playthrough,1
dig,1
witty,1
thematically,1
challanges,1
protips,1
directq,1
mlook,1
fustrating,1
snow,1
leopard,1
synchronisation,1
srtlbmhihe,1
otihbmj,1
w5ohkwh,1
mildly,1
satisfactory,1
oncoming,1
armoured,1
bi,1
bomber,1
upgrading,1
americans,1
stylized,1
plastic,1
peices,1
format,1
diehard,1
illigitmate,1
boon,1
writting,1
creator,1
tholian,1
sto,1
arc,1
competitively,1
inrease,1
industries,1
anarche99,1
klingon,1
romulan,1
mustang,1
sidewalker,1
catlady,1
